Grade,Gender,Age_at_diagnosis,Race,IDH1,TP53,ATRX,PTEN,EGFR,CIC,MUC16,PIK3CA,NF1,PIK3R1,FUBP1,RB1,NOTCH1,BCOR,CSMD3,SMARCA4,GRIN2A,IDH2,FAT4,PDGFRA
1,1,51.3,2,1,0,0,0,0,0,0,1,0,0,1,0,0,0,0,0,0,0,0,0
1,1,38.72,2,1,0,0,0,0,1,0,0,0,0,0,0,0,0,0,0,0,0,0,0
1,1,35.17,2,1,1,1,0,0,0,0,0,0,0,0,0,0,0,0,0,0,0,0,0
1,0,32.78,2,1,1,1,0,0,0,1,0,0,1,0,0,0,0,0,0,0,0,1,0
1,1,31.51,2,1,1,1,0,0,0,0,0,0,0,0,0,0,0,0,0,0,0,0,0
1,0,33.21,2,1,0,1,0,0,0,0,0,0,0,0,0,0,0,0,0,0,0,0,0
1,0,35.19,2,1,1,0,0,0,0,0,0,0,0,0,0,0,0,0,0,0,0,0,0
1,0,44.65,2,1,1,1,0,0,0,0,0,0,0,0,0,0,0,0,0,0,0,0,0
1,0,33.96,2,1,1,1,0,0,0,0,0,0,0,0,0,0,0,0,0,0,0,0,0
1,1,87.0,2,0,0,0,0,0,0,0,0,0,0,0,0,0,0,0,0,0,0,0,0
1,1,51.9,0,0,0,0,0,0,0,0,0,0,0,0,0,0,0,0,0,0,0,0,0
1,1,54.26,2,1,0,0,0,0,1,0,1,0,1,0,0,1,0,0,0,0,0,0,0
1,1,52.59,2,0,0,0,1,0,0,0,0,1,0,0,0,0,0,0,0,0,0,1,0
1,1,47.34,2,1,1,1,0,0,0,0,0,0,0,0,0,0,0,0,0,0,0,0,0
1,1,34.36,2,0,0,0,0,0,0,0,0,1,0,0,0,1,0,0,0,0,1,0,0
1,0,40.53,2,1,0,1,0,0,0,0,0,0,0,0,0,0,0,0,0,0,0,0,0
1,0,53.96,2,1,0,0,0,0,0,0,0,0,0,0,0,0,0,0,0,0,0,0,0
1,0,41.19,2,1,0,0,0,0,0,0,1,0,0,0,0,0,0,0,0,0,0,0,0
1,0,43.44,2,1,1,1,0,0,0,0,0,0,0,0,0,0,0,0,0,0,0,0,0
1,0,37.44,2,1,1,1,0,0,0,0,0,0,0,0,0,0,0,0,0,0,0,0,0
1,0,47.47,2,1,1,0,0,0,0,0,0,0,0,0,0,0,0,0,0,0,0,0,0
1,0,31.02,1,1,1,1,0,0,0,0,0,0,0,0,0,0,0,0,0,0,0,0,0
1,1,25.52,2,1,1,1,0,0,0,0,0,0,0,0,0,0,0,0,0,0,0,0,0
1,1,66.84,2,0,1,0,0,0,0,0,1,0,0,0,0,0,0,0,0,0,0,0,0
1,1,56.68,0,0,0,0,0,0,0,0,0,0,1,0,0,0,0,0,0,0,0,0,0
1,1,35.99,2,0,0,0,0,0,0,0,1,0,0,0,0,0,0,0,0,0,1,0,0
1,1,51.99,2,1,0,0,0,0,1,0,0,0,0,0,0,0,0,0,0,0,0,0,0
1,1,37.09,2,1,0,0,0,0,0,0,0,0,0,0,0,0,0,0,0,0,0,0,0
1,1,54.5,2,0,1,1,0,0,0,1,0,0,0,0,0,1,0,0,0,0,0,0,0
1,1,32.21,2,0,1,1,0,0,0,1,0,0,0,0,0,0,0,0,0,0,1,0,0
1,0,65.08,2,0,0,0,1,0,0,0,0,0,0,0,0,0,0,0,0,0,0,0,0
1,1,43.36,2,1,1,0,0,0,0,0,0,0,0,0,0,0,0,0,0,0,0,0,0
1,0,51.16,2,0,0,0,0,0,0,0,1,0,0,0,0,0,0,0,0,0,0,0,0
1,1,43.61,2,1,0,0,0,0,1,0,1,0,0,1,0,0,0,0,0,0,0,0,0
1,1,25.59,2,1,0,0,0,0,1,0,0,0,0,0,0,0,0,0,0,0,0,0,0
1,0,45.07,2,1,0,0,0,0,1,0,0,0,0,0,0,0,0,0,0,0,0,0,0
1,0,50.42,2,1,0,0,0,0,1,0,0,0,0,1,0,0,0,0,0,0,0,0,0
1,1,27.45,2,1,0,0,0,0,0,0,0,0,0,0,0,1,0,0,0,0,0,0,0
1,0,53.69,2,1,1,0,0,0,0,0,0,0,1,1,0,1,0,0,0,0,0,0,0
1,0,46.39,2,0,0,0,0,0,0,0,0,0,0,0,0,0,0,0,0,0,0,0,0
1,0,24.65,2,1,0,1,0,0,0,0,0,0,0,0,0,0,0,0,0,0,0,0,0
1,1,34.19,2,1,0,0,0,0,1,0,0,0,0,0,0,0,0,0,0,0,0,0,0
1,0,29.54,2,0,0,0,0,0,1,0,0,0,0,0,0,0,0,0,0,0,1,0,0
1,0,45.34,2,0,0,0,0,1,0,0,1,0,0,0,0,0,0,0,0,1,0,0,0
1,1,62.25,2,1,0,0,1,0,1,0,0,0,0,0,0,0,0,0,0,0,0,0,0
1,1,46.61,2,1,0,0,0,0,1,0,0,0,0,1,0,0,0,0,0,0,0,0,0
1,0,36.68,2,1,1,1,0,0,0,0,0,0,0,0,0,1,0,0,0,0,0,0,0
1,0,62.55,2,1,0,0,0,0,0,0,0,0,0,0,0,0,0,0,0,0,0,0,0
1,1,70.44,2,0,1,0,0,1,0,0,1,0,0,0,0,0,0,0,0,0,0,0,0
1,0,53.11,2,1,1,0,0,0,0,0,0,0,0,0,0,0,0,0,0,0,0,0,0
1,0,48.34,2,1,0,0,0,0,1,0,0,0,0,0,0,0,1,0,0,0,0,0,0
1,1,40.19,2,1,0,0,1,0,1,0,1,0,0,0,0,0,0,0,0,0,0,0,0
1,0,40.02,2,1,1,0,0,0,0,1,0,0,0,0,0,0,0,0,0,0,0,0,0
1,0,20.98,2,0,0,0,0,0,0,0,0,0,0,0,0,0,0,0,0,0,0,0,0
1,0,57.55,2,1,0,0,0,0,1,0,1,0,0,0,0,1,0,0,1,0,0,0,0
1,1,38.88,2,1,0,1,0,0,0,0,0,0,0,0,0,0,0,0,0,0,0,0,0
1,1,52.53,2,1,0,0,0,0,1,0,0,0,0,0,0,1,0,0,0,0,0,0,0
1,0,56.28,2,1,0,1,0,0,1,0,0,0,0,1,0,1,0,0,0,0,0,0,0
1,1,59.75,2,0,1,0,0,0,0,0,0,0,0,0,0,0,0,0,0,0,0,0,0
1,1,67.29,2,0,0,0,0,0,0,0,0,0,0,0,0,0,0,0,0,0,0,0,0
1,0,48.95,2,1,1,1,0,0,0,1,1,0,0,0,0,0,0,0,0,0,0,0,0
1,0,59.7,2,0,0,0,0,0,1,0,0,0,0,1,0,0,0,0,0,0,1,1,0
1,0,58.4,2,1,1,1,0,0,0,1,0,0,0,0,0,0,0,0,0,0,0,1,0
1,1,27.68,2,1,1,1,0,0,0,0,1,0,0,0,0,0,1,0,0,0,0,0,0
1,0,51.63,0,1,0,0,0,0,1,1,0,0,0,0,0,0,0,0,0,0,0,0,0
1,0,74.03,1,0,0,0,1,1,0,0,0,0,0,0,0,0,0,0,0,0,0,0,0
1,1,52.63,2,1,0,0,0,0,1,0,0,0,0,0,0,0,0,0,0,0,0,0,0
1,1,61.17,2,1,1,1,0,0,0,1,0,0,0,0,0,0,0,0,0,0,0,0,0
1,1,66.4,2,0,0,0,1,1,0,1,0,1,0,0,0,0,0,0,0,0,0,0,0
1,0,42.09,2,0,0,0,0,0,1,0,0,0,0,0,0,0,1,0,0,0,1,0,0
1,1,31.94,2,1,1,0,0,0,0,0,0,0,0,0,0,0,0,0,0,0,0,0,0
1,0,48.73,2,1,0,0,0,0,1,0,1,0,0,0,0,0,0,0,0,0,0,0,0
1,1,33.93,2,1,1,1,0,0,0,0,0,0,0,0,0,0,0,0,0,0,0,0,0
1,0,34.58,2,1,1,0,0,0,0,1,0,0,0,0,0,0,0,0,0,0,0,0,0
1,1,24.15,2,1,1,0,0,0,0,1,0,0,0,0,0,0,0,0,0,0,0,0,0
1,0,55.13,2,1,0,0,0,0,1,1,1,0,0,1,0,1,0,0,0,0,0,0,0
1,1,27.88,2,1,1,0,0,0,0,0,0,0,0,0,0,0,0,0,0,0,0,0,0
1,1,29.09,2,1,1,1,0,0,0,1,0,0,0,0,0,0,0,0,0,0,0,0,0
1,0,39.36,2,1,1,0,0,0,0,0,0,0,0,0,0,0,0,0,0,0,0,1,0
1,1,70.01,2,0,0,1,0,0,0,0,0,1,0,0,0,0,0,0,0,0,0,0,0
1,0,30.93,2,1,0,0,0,0,1,0,0,0,0,0,0,1,0,0,0,0,0,0,0
1,1,39.49,2,1,0,0,0,0,1,0,0,0,1,1,0,0,0,0,0,0,0,0,0
1,0,25.11,2,1,0,0,0,0,1,0,0,0,0,0,0,0,0,0,0,0,0,0,1
1,1,48.44,2,0,0,0,0,1,0,0,0,0,0,0,0,0,0,0,0,0,0,0,0
1,0,57.05,2,1,0,0,0,0,1,0,0,0,0,0,0,0,0,0,0,0,0,0,0
1,1,34.84,2,1,1,0,0,0,0,0,0,0,0,0,0,0,0,0,0,0,0,0,0
1,1,58.38,2,0,0,0,0,0,0,0,0,0,0,0,0,0,0,0,0,0,0,0,0
1,0,55.57,2,0,1,0,0,0,0,0,0,1,0,0,0,0,0,0,0,0,0,0,0
1,0,60.13,2,0,1,0,0,0,0,0,1,0,0,0,0,0,0,0,0,0,0,0,0
1,1,38.04,2,1,0,0,0,0,0,0,0,0,0,0,0,0,0,0,0,0,0,0,0
1,1,56.31,2,1,0,0,0,0,0,0,0,0,0,0,0,0,0,0,0,0,0,0,0
1,0,54.49,2,1,1,1,0,0,0,0,0,0,0,0,0,0,0,0,0,0,0,0,0
1,1,31.42,2,1,1,0,0,0,0,0,0,0,0,0,0,0,0,0,0,0,0,0,0
1,0,54.4,2,1,1,1,0,0,0,0,0,0,0,0,0,0,0,0,0,0,0,0,0
1,1,52.66,2,1,0,0,0,0,0,0,0,0,0,0,0,0,1,0,0,0,0,0,0
1,0,33.15,1,1,1,1,0,0,0,1,0,0,0,0,0,0,0,0,0,0,0,0,0
1,0,42.47,2,1,1,1,0,0,0,0,0,0,0,0,0,0,0,0,0,0,0,0,0
1,1,20.21,2,0,0,1,0,0,0,0,0,0,0,0,0,0,0,0,1,0,0,0,0
1,0,64.29,2,1,0,0,0,0,1,0,0,0,0,0,0,0,0,0,0,0,0,0,0
1,1,29.64,2,1,1,1,0,0,0,0,0,0,0,0,0,0,0,0,0,0,0,0,0
1,1,36.61,2,1,1,1,0,0,0,1,0,0,0,0,0,0,0,0,0,0,0,0,0
1,1,31.99,2,1,0,0,0,0,0,0,0,0,0,0,0,0,0,0,0,0,0,0,0
1,1,35.19,2,1,1,1,0,0,0,0,0,0,1,0,0,0,0,0,0,0,0,0,0
1,1,36.18,2,1,1,1,0,0,0,0,1,0,0,0,0,0,0,0,0,0,0,0,0
1,0,32.47,2,0,1,1,0,0,0,0,0,0,0,0,0,0,0,0,0,0,0,0,0
1,1,38.8,1,1,0,0,0,0,0,0,0,0,0,0,0,0,0,0,0,0,0,0,0
1,1,29.82,1,0,0,0,0,0,1,0,1,0,0,0,0,0,0,0,0,0,1,0,0
1,1,41.21,2,1,1,1,0,0,0,0,0,0,1,0,0,0,0,0,0,0,0,0,0
1,1,35.52,2,1,1,1,0,0,0,1,0,0,0,0,0,0,0,0,0,0,0,0,0
1,0,33.11,2,1,0,1,0,0,0,0,0,0,0,0,0,0,0,0,0,1,0,0,0
1,1,32.14,2,1,1,1,0,0,0,0,0,0,0,0,0,0,1,0,0,0,0,0,0
1,0,49.76,1,0,0,0,0,0,0,0,0,0,0,0,0,0,0,0,0,0,1,0,0
1,1,69.59,2,0,0,0,0,1,0,0,0,0,0,0,0,0,0,0,0,0,0,0,0
1,1,14.42,2,1,1,0,0,0,0,0,0,0,0,0,0,0,0,0,0,0,0,0,0
1,0,33.96,2,1,0,1,0,0,0,0,0,0,0,0,0,0,0,0,0,0,0,0,1
1,1,47.25,2,1,0,0,0,0,1,0,0,0,0,1,0,0,0,0,0,0,0,0,0
1,1,33.16,2,1,1,1,0,0,0,0,0,0,0,0,0,0,0,0,0,0,0,0,0
1,1,64.0,2,0,0,0,1,1,0,0,0,0,0,0,0,0,0,0,0,0,0,0,0
1,1,62.56,2,0,0,0,0,0,0,0,0,0,1,0,0,0,0,1,0,0,0,1,0
1,0,37.23,1,1,0,0,0,0,1,0,0,0,0,1,0,0,0,0,0,0,0,0,0
1,1,53.5,2,1,0,0,0,0,0,0,0,1,1,1,0,1,0,0,0,0,0,0,0
1,0,53.2,0,1,0,0,0,0,1,0,1,0,0,0,0,0,0,0,0,0,0,0,0
1,0,45.21,2,1,0,0,0,0,0,0,0,0,0,0,0,0,0,0,0,0,0,0,0
1,0,33.91,2,0,0,0,0,0,0,0,0,0,0,0,0,0,0,0,0,0,1,0,0
1,0,53.98,1,0,0,0,0,1,0,0,0,0,0,0,0,0,0,0,0,0,0,0,0
1,1,52.43,2,1,1,1,0,0,0,0,0,0,0,0,0,0,0,0,0,0,0,0,0
1,0,64.83,2,1,0,0,0,0,1,0,0,1,0,0,0,0,0,0,0,0,0,0,0
1,0,71.19,2,0,0,0,0,0,0,0,0,0,0,0,0,0,0,0,0,0,1,0,0
1,0,40.82,2,1,1,1,0,0,0,0,0,0,0,0,0,0,0,0,0,0,0,0,0
1,1,36.97,2,1,1,1,0,0,0,0,0,0,0,0,0,0,0,0,0,0,0,0,0
1,1,25.68,2,1,1,0,0,0,0,0,0,0,0,0,0,0,0,0,0,0,0,0,0
1,0,63.47,2,0,0,0,0,0,0,0,0,0,0,0,0,0,0,0,0,0,0,0,0
1,1,40.85,2,1,0,0,0,0,1,0,0,0,1,1,0,0,0,0,0,0,0,0,0
1,1,47.59,2,1,1,1,0,0,0,0,0,0,0,0,0,0,0,0,0,0,0,0,0
1,0,73.66,2,1,0,0,0,0,1,0,0,0,0,0,0,0,0,0,0,0,0,0,0
1,1,24.14,2,1,1,1,0,0,0,0,0,0,0,0,0,0,0,0,0,0,0,0,0
1,0,48.94,2,1,0,1,0,0,0,0,0,0,0,0,0,0,0,0,0,0,0,0,0
1,1,41.89,2,1,1,0,0,0,1,0,0,0,0,1,0,0,0,0,0,0,0,0,0
1,0,36.52,2,1,0,0,0,0,0,0,0,0,0,0,0,1,0,0,0,0,0,0,0
1,1,45.92,2,1,0,0,0,0,1,0,0,0,0,1,0,0,0,0,0,0,0,0,0
1,1,39.36,2,1,1,0,0,0,0,1,0,0,0,0,0,0,0,0,0,0,0,0,0
1,0,44.56,2,1,1,1,0,0,0,0,0,0,0,0,0,0,0,0,0,0,0,0,0
1,0,27.02,2,1,0,0,0,0,1,0,0,0,0,0,0,0,0,0,0,0,0,0,0
1,1,50.5,1,1,1,1,0,0,0,1,0,0,0,0,0,0,0,0,0,0,0,0,0
1,1,42.39,2,1,1,1,0,0,0,0,0,0,0,0,0,0,0,1,0,0,0,0,0
1,1,40.68,2,1,1,0,0,0,0,1,0,0,0,0,0,0,0,0,0,0,0,1,0
1,0,62.53,2,1,1,1,0,0,0,0,0,0,0,0,0,0,0,0,0,0,0,0,0
1,0,33.53,2,1,1,1,0,0,0,0,0,0,0,0,0,0,0,0,0,0,0,0,0
1,1,46.12,2,0,0,0,0,0,0,0,0,0,0,0,0,0,0,0,0,0,1,0,0
1,1,41.32,2,1,1,1,0,0,0,0,0,0,0,0,0,0,0,0,0,0,0,0,0
1,1,47.91,2,0,1,0,0,0,0,0,0,1,0,0,0,1,0,0,0,0,0,0,0
1,1,56.44,2,1,0,0,0,0,1,0,0,0,0,0,0,1,0,0,0,0,0,0,0
1,0,38.18,2,0,1,0,0,0,0,0,0,1,0,0,0,0,0,0,0,0,0,0,0
1,1,60.18,2,1,1,1,0,0,0,0,0,0,0,0,0,0,0,0,0,0,0,0,0
1,1,29.41,2,1,1,1,0,0,0,0,0,0,0,0,0,0,0,0,0,0,0,0,0
1,0,59.54,1,0,0,0,0,0,0,0,0,0,0,0,1,0,0,0,0,0,0,0,0
1,1,44.18,2,1,1,0,0,0,0,0,0,0,0,0,0,0,0,0,0,0,0,0,0
1,0,69.16,2,1,1,1,0,0,0,0,0,0,0,0,0,0,0,0,0,0,0,0,0
1,1,63.69,2,0,0,0,0,1,0,0,0,0,0,0,1,0,0,0,0,0,0,0,0
1,1,43.39,2,1,1,0,0,0,0,0,0,0,0,0,0,1,0,0,1,0,0,0,0
1,0,61.87,2,0,0,0,0,1,0,0,0,0,0,0,0,0,0,0,0,0,0,0,0
1,1,39.18,2,1,0,1,0,0,0,1,0,0,0,0,0,0,0,0,0,0,0,0,0
1,0,31.86,2,1,0,0,0,0,1,0,1,0,0,1,0,0,0,0,0,0,0,0,0
1,1,51.45,2,1,1,1,0,0,0,0,0,0,0,0,0,1,0,0,0,0,0,0,0
1,0,41.56,2,1,1,0,0,0,0,0,0,0,0,0,0,0,0,0,0,0,0,0,0
1,1,60.99,2,1,0,0,0,0,1,0,0,0,0,0,0,0,0,0,0,0,0,0,0
1,1,74.43,2,1,0,0,0,0,0,0,0,0,0,0,0,0,0,0,0,0,0,0,0
1,1,63.22,2,0,1,0,0,0,0,0,0,0,0,0,0,0,0,0,0,0,0,0,0
1,1,66.47,2,0,0,0,0,1,0,1,0,0,0,0,0,0,0,0,0,0,0,0,0
1,1,51.85,2,1,0,0,0,0,0,0,1,0,0,0,0,0,0,0,0,0,0,0,0
1,1,39.17,2,1,0,0,0,0,0,0,1,0,1,1,0,1,0,0,0,0,0,0,0
1,1,38.3,2,1,1,0,0,0,0,0,0,0,0,0,0,0,0,0,0,0,0,0,0
1,0,37.25,0,1,0,0,0,0,0,0,0,1,0,0,0,0,0,0,0,0,0,0,0
1,0,30.09,2,1,1,1,0,0,0,0,0,0,0,0,0,0,0,0,0,0,0,0,0
1,0,54.39,2,0,0,0,0,0,0,0,0,1,0,0,0,0,1,0,0,0,0,0,0
1,1,36.98,2,1,1,0,0,0,0,0,0,0,0,0,0,0,0,0,0,0,0,0,0
1,1,48.54,2,0,0,0,0,0,0,0,0,0,1,0,0,0,0,0,0,0,0,0,0
1,1,29.22,2,1,1,1,0,0,0,0,0,0,0,0,0,0,0,0,0,0,0,0,0
1,1,32.37,2,1,1,0,0,0,0,0,0,0,0,0,0,0,0,0,0,0,0,0,0
1,0,44.1,2,1,0,0,0,0,1,0,0,0,0,0,0,0,0,0,0,0,0,0,0
1,1,30.9,2,1,0,0,0,0,1,0,0,0,0,0,0,0,0,0,0,0,0,0,0
1,0,57.79,2,0,0,0,0,0,0,1,0,0,0,0,0,0,0,0,0,0,0,0,1
1,1,19.15,2,1,1,1,0,0,0,0,0,0,0,0,0,0,0,0,0,0,0,0,0
1,1,70.66,2,1,0,0,0,0,0,0,0,0,0,0,1,0,0,0,0,0,0,0,0
1,1,63.18,2,0,0,0,1,1,0,0,0,0,0,0,0,0,0,0,0,0,0,0,0
1,1,41.7,2,1,1,1,0,0,0,0,0,0,0,0,0,0,0,0,0,0,0,0,0
1,1,29.8,2,1,1,1,0,0,0,0,0,0,0,0,0,0,0,0,0,0,0,0,0
1,1,42.87,2,1,0,0,0,0,0,0,0,1,0,1,0,0,0,0,0,0,0,0,0
1,0,51.47,2,1,0,0,0,0,1,0,0,0,0,0,0,0,0,0,0,0,0,0,0
1,0,38.07,2,1,1,1,0,0,0,1,0,0,0,0,0,0,0,0,0,0,0,0,0
1,1,28.94,2,1,1,1,0,0,0,0,0,0,0,0,0,0,0,0,0,0,0,0,0
1,0,32.45,2,1,0,0,0,0,0,0,0,0,0,0,0,0,0,0,0,0,0,0,0
1,0,26.12,2,1,1,1,0,0,0,0,0,0,0,0,0,0,0,0,0,0,0,0,0
1,1,67.9,2,1,1,1,0,0,0,0,0,0,0,0,0,0,0,0,0,0,0,0,0
1,1,40.89,2,1,0,0,0,0,1,1,0,0,0,0,0,0,0,0,0,0,0,0,0
1,1,59.81,2,1,1,1,0,0,0,0,0,0,0,0,0,0,0,0,1,0,0,0,0
1,1,58.04,2,0,0,0,1,0,0,0,0,1,0,0,0,0,0,0,0,0,0,0,0
1,0,56.47,2,1,1,0,0,0,0,0,0,0,0,0,0,0,0,1,0,0,0,0,0
1,0,20.76,2,1,0,0,0,0,1,0,0,0,0,0,0,0,0,0,0,0,0,0,0
1,1,49.81,2,1,0,0,0,0,0,0,0,0,0,0,0,0,0,0,0,0,0,0,0
1,0,37.08,2,1,0,0,0,0,1,0,0,0,0,0,0,0,0,0,0,0,0,0,0
1,0,48.67,2,0,0,0,0,0,1,0,0,0,0,0,0,0,0,0,0,0,1,0,0
1,1,71.62,1,1,0,0,0,0,0,0,0,0,1,0,0,0,0,0,0,0,0,0,0
1,0,43.87,2,0,0,0,0,1,0,0,0,0,0,0,0,0,0,0,1,0,0,0,0
1,0,27.85,2,1,1,1,0,0,0,0,0,0,0,0,0,0,0,0,0,0,0,0,0
1,0,25.21,2,1,1,1,0,0,0,1,0,0,0,0,0,0,0,0,0,0,0,0,0
1,1,30.35,2,1,0,0,0,0,0,0,0,0,0,0,0,0,0,0,0,0,0,0,0
1,1,47.92,2,1,0,0,0,0,0,0,0,0,0,0,0,0,0,0,1,0,0,0,0
1,1,31.72,2,1,1,1,0,0,0,0,0,0,0,0,0,0,0,0,0,0,0,0,0
1,1,30.81,2,1,1,1,0,0,0,0,0,0,0,0,0,0,0,0,0,0,0,0,0
1,0,30.76,2,1,1,0,1,0,0,0,0,0,0,0,0,0,0,0,1,0,0,0,0
1,0,24.4,2,0,0,0,0,0,0,0,0,1,0,0,0,0,0,0,0,0,0,0,0
1,0,41.18,2,1,1,1,0,0,0,0,0,0,0,0,0,0,0,1,0,0,0,0,0
1,1,34.52,2,1,1,0,0,0,0,0,0,0,0,0,0,0,0,0,0,0,0,0,0
1,0,56.42,2,1,0,0,0,0,0,0,0,0,0,0,0,0,0,0,0,0,0,0,0
1,0,39.95,2,1,1,0,0,0,0,0,0,0,0,0,0,0,0,0,0,0,0,0,0
1,0,23.01,2,1,1,1,0,0,0,0,0,0,0,0,0,0,0,0,0,0,0,0,0
1,0,31.75,2,1,1,1,0,0,0,0,0,0,0,0,0,0,0,0,0,0,0,0,0
1,1,17.74,2,1,0,0,0,0,1,0,0,0,0,0,0,0,0,0,0,0,0,0,0
1,1,64.3,2,1,0,0,0,0,0,0,0,0,0,0,0,0,0,0,1,0,0,0,0
1,0,27.61,2,1,1,1,0,0,0,1,0,0,0,0,0,0,0,0,0,0,0,0,0
1,1,69.18,2,0,0,0,0,1,0,0,0,0,0,0,0,0,0,0,0,0,0,0,0
1,1,37.14,2,1,1,1,0,0,0,0,0,0,0,0,0,0,0,0,0,0,0,0,0
1,1,44.25,2,1,0,0,0,0,0,0,0,0,0,0,0,1,1,0,0,0,0,0,0
1,1,25.27,2,1,1,1,0,0,0,0,0,0,0,0,0,0,0,0,0,0,0,0,0
1,0,29.64,2,1,0,0,0,0,1,0,0,0,0,0,0,0,0,0,0,0,0,0,0
1,1,26.57,2,1,1,1,0,0,0,0,0,0,0,0,0,0,0,0,0,0,0,0,0
1,0,47.81,2,1,0,0,0,0,0,0,0,0,0,1,0,1,0,1,0,0,0,0,0
1,1,39.69,2,1,1,1,0,0,0,0,0,0,0,0,0,0,0,0,1,0,0,0,0
1,0,35.07,2,1,0,0,0,0,0,0,0,0,0,0,0,0,0,0,0,0,0,0,0
1,1,33.79,2,1,0,0,0,0,1,0,0,0,0,1,0,0,0,0,0,0,0,0,0
1,0,74.56,2,1,0,1,0,0,1,0,0,0,0,0,0,0,0,0,0,0,0,0,0
1,1,50.46,2,1,0,0,0,0,1,0,0,0,0,0,0,0,0,0,1,0,0,0,0
1,1,65.86,2,1,1,0,0,0,0,0,0,0,0,0,0,0,0,0,0,0,0,0,0
1,0,60.32,2,0,0,0,0,0,0,0,0,0,0,0,0,0,1,0,0,0,0,0,0
1,0,34.95,2,1,0,0,0,0,1,0,0,0,1,0,0,0,0,0,0,0,0,0,0
1,0,44.63,2,1,1,1,0,0,0,0,0,0,0,0,0,0,0,0,0,0,0,0,0
1,1,21.67,2,1,1,1,0,0,0,0,0,0,0,0,0,0,0,0,0,0,0,0,0
1,1,55.24,2,0,0,0,0,0,0,0,0,0,0,0,0,0,0,0,0,0,0,0,0
1,1,43.99,2,1,0,0,0,0,0,0,0,0,0,0,0,0,0,0,0,0,0,0,0
1,1,36.13,2,1,1,1,0,0,0,0,0,0,0,0,0,0,0,0,0,0,0,0,0
1,1,70.27,2,1,1,1,0,0,0,0,0,0,0,0,0,0,0,0,1,0,0,0,0
1,0,23.96,2,1,1,1,0,0,0,0,0,0,0,0,0,0,0,0,0,0,0,0,0
1,1,43.53,2,1,1,0,0,0,0,0,0,0,0,0,0,0,0,0,0,0,0,0,0
1,1,30.72,2,1,1,1,0,0,0,0,0,0,0,0,0,0,0,0,0,0,0,0,0
1,0,38.38,2,1,0,0,0,0,1,0,0,0,0,0,0,0,0,0,0,0,0,0,0
1,0,34.52,2,0,0,0,1,0,0,0,0,1,0,0,1,0,0,0,0,0,0,0,0
1,1,55.25,2,0,0,0,0,1,0,0,0,0,0,0,0,0,0,0,0,0,0,0,0
1,1,30.65,2,1,0,0,0,0,1,1,0,0,0,0,0,0,0,0,0,1,0,0,0
1,0,61.19,2,0,0,1,0,1,0,0,0,0,0,0,0,0,0,0,0,0,0,0,0
1,1,44.94,2,1,1,1,0,0,0,0,0,0,0,0,0,0,0,0,0,0,0,0,0
1,0,35.65,2,1,1,1,0,0,0,0,0,0,0,0,0,0,0,0,0,0,0,0,0
1,1,68.35,2,1,0,0,0,0,0,0,0,0,0,0,0,1,0,0,0,0,0,0,0
1,0,44.56,2,1,1,0,0,0,0,1,0,0,0,0,0,0,0,1,1,0,0,0,0
1,1,38.24,2,1,1,1,0,0,0,0,0,0,0,0,0,0,1,0,0,0,0,0,0
1,0,36.83,2,1,1,1,0,0,0,0,0,0,0,0,0,0,0,0,0,0,0,0,0
1,1,52.09,2,0,0,0,1,1,0,0,0,0,0,0,0,0,0,0,0,0,0,0,0
1,0,36.5,2,1,1,1,0,0,0,1,0,0,0,0,0,0,0,0,0,0,0,0,0
1,0,33.48,2,1,1,1,0,0,0,0,0,0,0,0,0,0,0,0,0,0,0,0,0
1,0,60.33,2,0,0,0,1,0,0,1,0,1,0,0,0,0,0,0,0,0,0,0,0
1,0,44.25,2,1,1,0,0,0,0,0,0,0,0,0,0,0,0,0,0,0,0,0,0
1,0,58.43,1,0,0,0,0,1,0,0,0,0,0,0,0,0,0,0,0,0,0,0,0
1,1,34.0,2,1,0,0,0,0,1,0,0,0,0,0,0,1,0,0,0,0,0,0,0
1,1,62.64,2,0,0,0,0,1,0,0,0,0,0,0,0,0,0,0,0,0,0,0,0
1,0,44.62,1,1,1,0,0,0,0,0,0,0,1,0,0,0,1,0,0,0,0,0,0
1,1,36.85,2,1,1,1,0,0,0,0,0,0,0,0,0,0,0,0,0,0,0,0,0
1,0,29.36,2,1,1,1,0,0,0,0,0,0,0,0,0,0,0,0,0,0,0,0,0
1,0,25.77,2,0,0,0,0,0,0,0,0,0,0,0,0,0,0,0,0,0,0,0,0
1,0,20.84,2,1,1,1,0,0,0,0,0,0,0,0,0,0,0,0,0,0,0,0,0
1,0,61.84,2,1,0,0,0,0,0,0,1,0,0,0,0,0,0,0,0,0,0,0,0
1,0,41.61,2,0,1,1,0,0,0,0,0,0,0,0,0,0,0,0,0,0,1,0,0
1,1,47.61,2,1,0,0,0,0,0,0,0,0,0,0,0,0,0,0,0,0,0,0,0
1,0,59.58,2,0,0,0,0,0,0,0,0,0,0,0,0,0,0,0,0,0,0,0,0
1,1,48.85,2,1,1,1,0,0,0,1,0,0,0,0,0,0,0,0,0,0,0,0,0
1,0,38.07,2,1,1,1,0,0,0,0,0,0,0,0,0,0,0,0,0,0,0,0,0
1,0,27.16,2,1,1,0,0,0,0,0,0,0,0,0,0,0,0,1,0,0,0,0,0
1,0,58.04,2,1,1,1,0,0,0,0,0,0,0,0,0,0,0,0,0,0,0,0,0
1,1,41.32,2,0,0,0,1,0,0,0,0,1,0,0,0,0,0,0,0,0,0,0,0
1,1,26.32,2,0,1,1,0,0,0,0,0,0,0,0,0,0,0,0,0,0,1,1,0
1,0,44.57,2,1,1,1,0,0,0,0,0,0,0,0,0,0,0,0,0,0,0,0,0
1,1,32.54,2,1,1,0,0,0,0,0,0,0,0,0,0,0,0,0,0,0,0,0,0
1,1,22.84,2,1,1,1,0,0,0,0,0,0,0,0,0,0,0,0,0,0,0,0,0
1,0,25.87,2,1,1,1,0,0,0,0,0,0,0,0,0,0,1,0,0,0,0,0,0
1,0,34.07,2,1,0,0,0,0,1,0,0,0,0,0,0,0,0,0,0,0,0,0,0
1,1,24.76,2,1,1,1,0,0,0,1,0,0,0,0,0,0,0,1,0,0,0,0,0
1,0,30.95,2,1,1,1,0,0,0,0,0,0,0,0,0,0,0,0,0,0,0,0,0
1,1,39.77,1,1,1,1,0,0,0,0,0,0,0,0,0,0,0,0,0,0,0,0,0
1,0,22.65,2,1,0,1,0,0,0,0,0,0,0,0,0,0,0,0,0,0,0,0,0
1,1,53.78,2,1,1,1,0,0,0,0,0,0,0,0,0,0,0,0,0,0,0,0,0
1,1,30.97,2,1,1,1,0,0,0,0,0,0,0,0,0,0,0,0,0,0,0,0,0
1,0,37.65,2,1,1,1,0,0,0,0,0,0,0,0,0,0,0,0,0,0,0,0,0
1,0,36.2,2,1,0,1,0,0,0,0,0,0,0,0,0,0,0,0,0,0,0,0,0
1,0,41.86,2,1,1,1,0,0,0,0,0,0,0,0,0,0,0,0,1,0,0,0,0
1,1,57.55,2,0,1,0,0,1,0,0,1,0,0,0,0,0,0,0,0,0,0,0,0
1,1,52.67,2,1,1,1,0,0,0,0,0,0,0,0,0,0,0,0,0,0,0,0,0
1,1,31.95,2,1,1,1,0,0,0,0,0,0,0,0,0,0,0,0,0,0,0,0,0
1,0,32.46,2,1,1,1,0,0,0,0,0,0,0,0,0,0,0,0,1,0,0,0,0
1,1,44.36,0,1,1,1,0,0,0,0,0,0,0,0,0,0,0,0,0,0,0,0,0
1,1,40.29,2,1,0,0,0,0,1,0,0,0,0,0,0,0,0,0,0,0,0,0,0
1,0,44.72,2,1,1,1,0,0,0,0,0,0,0,0,0,0,0,0,1,0,0,0,0
1,0,39.01,2,1,1,1,0,0,0,0,0,0,0,0,0,0,0,0,0,0,0,0,0
1,1,62.25,2,0,0,0,0,0,0,0,0,0,0,0,0,0,0,0,0,0,0,0,0
1,1,45.81,2,1,0,0,0,0,0,1,0,0,0,0,0,0,0,0,0,0,0,0,0
1,1,48.36,2,0,0,0,0,0,0,0,0,0,0,0,0,0,0,0,0,0,1,0,0
1,1,49.51,2,1,0,0,0,0,0,0,0,0,0,0,0,0,0,0,0,0,0,0,0
1,0,38.53,2,1,0,0,0,0,0,0,0,0,0,0,0,0,0,0,0,0,0,0,0
1,0,28.32,2,1,1,0,0,0,0,0,0,0,0,0,0,0,0,0,0,0,0,0,0
1,0,38.75,2,1,1,1,0,0,0,0,0,0,0,0,0,0,0,0,0,0,0,0,0
1,0,37.22,2,0,1,1,0,0,0,0,0,0,0,0,0,0,0,0,0,0,0,0,0
1,0,58.43,2,0,0,0,0,1,0,0,0,0,0,0,0,0,0,0,0,0,0,0,0
1,0,41.49,2,1,1,0,0,0,0,0,0,0,0,0,0,0,0,0,0,1,0,0,0
1,1,60.04,2,1,0,0,0,0,1,0,0,0,1,1,0,0,0,0,0,0,0,0,0
1,0,50.64,2,1,1,1,0,0,0,0,0,0,0,0,0,0,0,0,0,0,0,0,0
1,1,75.8,2,1,0,0,0,0,1,0,0,0,0,1,0,0,0,0,0,0,0,0,0
1,1,43.39,1,0,0,0,1,0,0,0,0,0,0,0,0,0,0,0,0,0,0,0,0
1,0,52.17,2,1,0,0,0,0,1,0,0,0,0,1,0,0,0,0,0,0,0,0,0
1,1,38.91,2,1,1,1,0,0,0,0,0,0,0,0,0,0,0,0,0,0,0,0,0
1,1,50.64,2,1,0,0,0,0,0,0,0,0,1,0,0,0,0,0,0,0,0,0,0
1,1,66.94,2,0,0,0,0,0,0,0,0,0,0,0,0,0,0,0,0,0,0,0,1
1,1,30.16,2,1,1,0,0,0,0,0,0,0,0,0,0,0,0,0,0,0,0,0,0
1,1,59.72,2,0,0,0,0,0,0,0,0,1,0,0,0,0,0,0,0,0,0,0,0
1,0,35.1,0,1,0,0,0,0,0,0,0,0,0,0,0,1,0,0,0,0,0,0,0
1,0,38.56,2,1,1,1,0,0,0,0,0,0,0,0,0,0,0,0,0,0,0,0,0
1,1,42.85,1,1,0,1,0,0,0,0,0,0,0,0,0,0,0,0,0,0,0,0,0
1,0,59.45,2,1,0,0,0,0,0,0,0,0,0,0,0,0,0,0,0,0,0,0,0
1,1,26.26,2,1,0,0,0,0,1,0,0,0,1,0,0,0,0,0,0,0,0,0,0
1,1,58.73,2,0,0,0,0,1,0,0,0,0,0,0,0,0,0,0,0,0,0,0,0
1,1,31.03,2,1,0,0,0,0,1,0,0,0,0,0,0,1,0,0,0,0,0,0,0
1,0,30.44,2,1,1,1,0,0,0,1,0,0,0,0,0,0,0,0,0,0,0,0,0
1,0,45.63,2,0,0,0,1,0,0,0,0,0,0,0,1,0,0,0,0,0,0,0,0
1,0,37.45,2,1,0,0,0,0,0,0,0,0,0,1,0,0,0,0,0,0,0,0,0
1,0,34.44,2,1,1,0,0,0,0,0,0,0,0,0,0,0,0,0,0,0,0,0,0
1,0,34.93,2,1,0,0,0,0,0,0,0,0,0,0,0,0,0,0,0,0,0,0,0
1,1,32.15,2,1,1,1,0,0,0,0,0,0,0,0,0,0,0,0,0,0,0,0,0
1,1,66.48,2,1,0,0,0,0,1,0,0,0,0,0,0,0,0,0,0,0,0,0,0
1,1,46.24,2,0,0,0,1,0,0,0,1,0,0,0,0,0,0,0,0,0,0,0,0
1,0,38.89,1,1,1,1,0,0,0,0,1,0,0,0,0,0,0,0,0,0,0,0,0
1,1,33.58,2,1,1,0,0,0,0,0,0,1,0,0,0,0,0,0,0,0,0,0,0
1,1,40.17,2,1,0,0,0,0,0,0,0,0,0,0,0,0,0,0,0,0,0,0,0
1,0,52.4,2,1,1,0,0,0,0,0,0,0,0,0,0,0,0,0,0,0,0,0,0
1,1,59.98,2,1,0,0,0,0,0,0,0,0,1,0,0,0,0,0,0,0,0,0,0
1,0,58.15,2,1,0,0,0,0,1,0,0,0,0,0,0,0,1,0,0,0,0,0,0
1,0,31.51,2,1,1,1,0,0,0,0,0,0,0,0,0,0,0,0,0,0,0,0,0
1,0,43.77,1,1,1,1,0,0,0,0,0,0,0,0,0,0,0,0,0,0,0,0,0
1,1,33.53,2,1,1,0,0,0,0,0,0,0,0,0,0,0,0,0,0,0,0,0,0
1,0,55.11,2,1,0,0,0,0,1,0,0,0,0,1,0,0,0,0,0,0,0,0,0
1,1,43.62,2,1,1,1,0,0,0,0,0,0,0,0,0,0,0,0,0,0,0,0,0
1,1,60.34,2,1,0,0,0,0,1,0,1,0,0,1,0,1,0,0,0,0,0,0,0
1,1,33.91,2,1,0,0,0,0,1,0,0,0,0,1,0,0,0,0,0,0,0,0,0
1,0,48.22,2,1,0,0,0,0,1,0,0,0,0,1,0,0,0,0,0,0,0,0,0
1,0,70.56,2,0,0,0,0,1,0,0,0,0,0,0,0,0,0,0,0,0,0,0,0
1,1,53.54,2,1,1,0,0,0,0,1,0,0,0,0,0,0,0,0,0,0,0,1,0
1,1,66.37,2,0,0,1,0,0,0,0,0,1,0,0,0,0,0,0,0,0,0,0,0
1,1,36.75,2,1,0,0,0,0,0,0,1,0,0,0,0,0,0,0,0,0,0,0,0
1,1,40.13,2,1,0,0,0,0,0,0,1,0,0,1,0,0,0,0,0,0,0,0,0
1,0,73.28,2,1,0,0,0,0,1,1,0,0,0,0,0,0,0,0,0,0,0,0,0
1,1,36.45,2,1,1,1,0,0,0,0,0,0,0,0,0,0,0,0,0,0,0,0,0
1,0,74.15,2,1,0,0,0,0,1,0,0,0,0,0,0,0,0,0,0,0,0,0,0
1,0,43.4,2,1,0,0,0,0,1,0,0,0,0,0,0,0,0,0,0,0,0,0,0
1,1,40.88,2,0,0,0,1,0,0,0,0,0,0,0,0,0,0,0,0,0,0,0,0
1,1,38.35,2,1,0,0,0,0,1,0,0,0,0,1,0,0,0,0,0,0,0,0,0
1,0,54.8,2,1,0,0,0,0,0,0,0,0,0,1,0,1,0,0,0,0,0,0,0
1,0,63.15,2,0,0,0,0,0,0,0,0,0,0,0,0,0,0,0,0,0,0,0,0
1,1,62.83,2,1,1,1,0,0,0,0,0,0,0,0,0,0,0,0,0,0,0,0,0
1,0,35.15,2,0,1,1,1,1,1,1,1,1,0,1,1,1,1,1,1,1,0,1,1
1,1,39.48,2,1,1,0,0,0,0,0,0,0,0,0,0,0,0,1,1,0,0,0,0
1,1,29.93,2,1,1,1,0,0,0,0,0,0,0,0,0,0,0,0,0,0,0,0,0
1,1,46.91,2,1,1,0,0,0,0,0,0,0,0,0,0,0,0,0,1,0,0,0,0
1,0,46.3,2,1,0,0,0,0,1,0,0,0,0,0,0,0,0,0,0,0,0,0,0
1,0,51.9,2,1,1,1,0,0,0,0,0,0,0,0,0,0,0,0,0,0,0,0,0
1,1,54.61,2,1,0,0,0,0,1,0,0,0,0,0,0,0,0,0,0,0,0,0,0
1,0,42.25,2,1,0,0,0,0,0,0,0,0,0,0,0,1,0,0,0,0,0,0,0
1,1,64.3,2,0,0,0,0,0,0,0,0,0,0,0,0,0,0,0,0,0,0,0,0
1,1,29.6,2,1,1,0,0,0,0,0,0,0,0,0,0,0,0,0,0,0,0,0,0
1,0,65.53,2,1,0,0,0,0,1,0,1,0,0,0,0,0,1,0,0,0,0,0,0
1,0,41.25,2,1,1,0,0,0,0,0,0,0,0,0,0,0,0,0,0,0,0,0,0
1,0,31.56,2,1,0,1,0,0,1,0,0,0,0,0,0,1,0,0,0,0,0,0,0
1,0,58.01,2,1,0,0,0,0,0,0,0,0,1,0,0,0,0,0,0,0,0,0,0
1,1,54.87,2,1,1,0,0,0,1,0,0,0,0,1,0,1,1,0,0,0,0,0,0
1,1,28.07,2,1,1,1,0,0,0,0,0,0,0,0,0,0,0,0,0,1,0,0,0
1,0,20.32,2,1,1,1,0,0,0,0,0,0,0,0,0,0,0,0,0,0,0,0,0
1,1,34.44,0,1,0,0,0,0,0,0,0,0,0,0,0,0,0,0,1,0,0,0,0
1,1,54.54,2,1,0,0,0,0,1,0,0,0,0,0,0,0,0,0,0,0,0,0,0
1,1,45.71,2,1,0,0,0,0,1,0,0,0,0,1,0,0,0,0,0,0,0,0,0
1,0,48.89,2,1,1,1,0,0,0,0,0,0,0,0,0,0,0,0,0,0,0,0,0
1,1,29.24,2,1,1,1,0,0,0,0,0,0,0,0,0,0,0,0,0,0,0,0,0
1,1,22.02,2,0,0,0,0,0,0,0,0,0,0,0,0,0,0,0,0,0,1,0,0
1,1,32.44,2,0,0,0,0,0,0,0,0,1,0,0,0,0,0,0,0,0,0,0,0
1,1,40.14,2,1,1,0,0,0,1,1,0,0,0,1,0,0,0,0,0,0,0,0,0
1,0,61.13,2,1,0,0,0,0,1,0,0,0,0,0,0,0,0,0,0,0,0,0,0
1,1,57.76,2,0,0,0,0,1,0,0,0,1,0,0,0,0,0,0,0,0,0,0,0
1,1,54.27,2,0,0,0,0,0,0,0,0,1,0,0,0,0,0,0,0,0,0,0,0
1,0,56.87,2,1,0,0,0,0,1,1,0,0,1,0,0,0,0,0,0,0,0,0,0
1,0,34.38,2,1,1,1,0,0,0,0,0,0,0,0,0,0,0,0,0,0,0,0,0
1,0,27.79,2,1,1,1,0,0,0,0,0,0,0,0,0,0,0,0,0,0,0,0,0
1,0,37.41,2,0,0,0,0,0,0,0,1,0,0,0,0,0,0,0,0,0,0,0,0
1,1,53.69,2,1,0,0,0,0,1,0,0,0,0,1,0,0,0,0,0,0,0,0,0
1,1,43.91,2,1,1,0,1,0,0,0,0,0,0,0,0,0,0,0,0,0,0,0,0
1,0,41.03,2,1,1,1,0,0,0,0,0,0,0,0,0,0,0,0,0,0,0,0,0
1,1,33.28,2,1,0,0,0,0,1,0,1,0,0,0,0,1,0,0,0,0,0,0,0
1,1,39.1,2,1,1,0,0,0,0,0,0,0,0,0,0,0,0,0,1,0,0,0,0
1,1,31.82,2,1,1,1,0,0,0,0,0,0,0,0,0,0,0,0,0,0,0,0,0
1,0,67.6,2,1,0,0,0,0,1,0,0,0,0,1,0,1,0,0,0,0,0,0,0
1,1,30.38,2,0,1,1,0,0,0,0,0,0,0,0,0,0,0,0,0,0,0,0,1
1,1,48.58,2,1,1,0,0,0,0,0,0,0,0,0,0,0,0,0,0,0,0,0,0
1,1,50.83,2,0,0,0,0,0,0,0,0,0,0,0,0,0,0,0,0,0,1,0,0
1,1,45.09,2,1,0,0,0,0,1,0,0,0,0,1,0,0,0,0,0,0,0,0,0
1,0,47.82,2,1,1,1,0,0,0,0,0,0,0,0,0,0,0,0,0,0,0,0,0
1,1,32.43,2,0,0,0,0,0,1,0,0,0,0,0,0,0,0,0,0,0,1,0,0
1,0,38.04,2,1,0,0,0,0,0,0,0,0,0,1,0,0,0,0,0,0,0,1,0
1,1,26.47,2,1,1,1,0,0,0,0,0,0,0,0,0,0,0,0,0,0,0,0,0
1,1,29.58,2,1,1,0,0,0,0,0,0,0,0,0,0,0,0,0,0,0,0,0,0
1,1,28.22,2,1,1,1,0,0,0,0,0,0,0,0,0,0,0,0,0,0,0,0,0
1,0,66.04,2,1,0,0,0,0,1,0,0,0,0,0,0,1,0,0,0,0,0,0,0
1,1,39.83,2,1,0,0,0,0,0,0,0,0,0,0,0,1,0,0,1,0,0,0,0
1,1,33.65,2,1,0,0,0,0,1,0,0,0,0,0,0,0,0,0,0,0,0,0,0
1,0,60.21,2,0,0,0,0,1,0,0,1,0,0,0,0,0,0,0,0,0,0,0,0
1,1,35.18,2,1,1,1,0,0,0,0,0,0,0,0,0,0,0,0,0,0,0,0,0
1,1,35.12,2,1,0,0,0,0,0,0,0,0,0,0,0,0,0,0,0,0,0,0,0
1,1,58.46,2,1,0,0,0,0,0,0,0,0,0,0,0,0,0,0,0,0,0,0,0
1,0,26.14,2,1,0,1,0,0,0,0,0,0,0,0,0,0,0,1,0,0,0,0,0
1,1,30.31,2,1,1,1,0,0,0,0,0,0,0,0,0,0,0,0,0,0,0,0,0
1,0,38.22,2,1,0,0,0,1,0,0,1,0,0,0,0,0,0,1,0,0,0,0,0
1,1,35.89,2,1,1,1,0,0,0,0,0,0,0,0,0,0,0,0,0,0,0,0,0
1,1,39.8,2,1,0,0,0,0,1,0,0,0,0,1,0,0,0,0,0,0,0,0,0
1,1,55.84,1,0,0,0,0,0,0,0,0,0,1,0,0,0,0,0,0,0,0,0,0
1,0,49.92,2,1,1,1,0,0,0,0,0,0,0,0,0,0,0,0,0,0,0,0,0
1,1,50.16,2,1,0,1,0,0,0,0,0,0,0,0,0,0,0,0,0,0,0,0,0
1,1,52.45,2,1,1,1,0,0,0,0,0,0,0,0,0,1,0,0,0,0,0,0,0
1,0,51.33,2,0,0,0,1,1,0,0,0,0,0,0,0,0,0,0,0,0,0,0,0
1,0,61.78,2,0,0,0,0,1,0,0,0,0,0,0,0,0,0,0,0,0,0,0,0
1,0,52.41,2,1,1,1,0,0,0,0,0,0,0,0,0,0,0,0,0,0,0,0,0
1,1,35.18,2,1,1,1,0,0,0,0,0,0,0,0,0,0,0,0,0,0,0,0,0
1,0,47.73,2,1,0,0,0,0,1,0,0,0,0,1,0,0,0,0,0,0,0,0,0
1,0,35.19,2,0,0,0,0,0,0,0,0,0,0,0,0,0,0,0,0,0,1,0,0
1,0,31.29,2,1,1,1,0,0,0,0,0,0,0,0,0,0,0,0,0,0,0,0,0
1,1,43.0,2,1,0,0,0,0,0,0,0,0,0,0,0,0,0,0,0,0,0,0,0
1,1,31.1,2,1,0,0,0,0,1,0,0,0,0,0,0,0,0,0,0,1,0,0,0
1,0,37.14,2,1,0,0,0,0,1,0,0,0,0,1,0,0,0,0,0,0,0,0,0
1,1,37.27,2,1,1,1,0,0,0,0,0,0,0,0,0,1,0,0,0,0,0,0,0
1,0,52.43,2,1,0,0,0,0,0,0,0,0,0,0,0,0,0,0,0,0,0,0,0
1,1,42.68,2,1,1,1,0,0,0,0,0,0,0,0,0,0,0,0,0,0,0,0,0
1,1,32.32,2,1,1,0,0,0,0,0,0,0,0,0,0,0,0,0,0,0,0,0,0
1,1,61.06,1,1,0,0,0,0,1,0,0,1,0,1,0,0,0,0,0,0,0,0,0
1,0,48.21,2,1,0,0,0,0,1,0,0,0,0,0,0,0,0,0,0,0,0,0,0
1,1,34.12,2,1,1,1,0,0,0,1,0,0,0,0,0,0,0,0,0,0,0,0,0
1,1,30.69,2,1,0,0,0,0,1,0,1,0,0,0,0,0,0,0,0,0,0,0,0
1,1,30.24,2,1,1,1,0,0,0,0,0,1,0,0,0,0,0,0,0,0,0,0,0
1,1,28.53,2,1,1,1,0,0,0,0,0,0,0,0,0,0,0,0,0,0,0,0,0
1,1,47.62,2,1,1,1,0,0,0,0,0,0,0,0,0,0,0,0,1,0,0,0,0
1,1,35.25,2,0,0,0,0,0,1,0,1,0,0,0,0,0,0,0,0,0,1,0,0
1,1,23.47,2,0,1,1,0,0,0,0,0,1,0,0,0,0,0,0,0,0,0,0,0
1,1,49.72,2,1,1,1,1,0,0,0,0,0,0,0,0,0,1,0,0,0,0,0,0
1,1,36.21,2,1,0,0,0,0,1,0,0,0,0,0,0,0,0,0,0,0,0,0,0
1,1,54.73,2,1,0,0,0,0,0,0,0,0,0,0,0,0,0,0,0,0,0,0,0
1,1,22.82,2,1,1,0,0,0,0,0,0,0,0,0,0,0,0,0,0,0,0,0,0
1,1,42.01,2,1,1,0,0,0,0,0,0,0,0,0,0,0,0,0,0,0,0,0,0
1,0,28.58,2,0,0,0,0,0,1,0,0,0,0,0,0,0,0,0,0,0,1,0,0
1,1,25.64,2,1,0,0,0,0,1,0,0,0,0,0,0,0,0,0,0,0,0,0,0
1,1,66.01,1,0,0,0,1,0,0,0,0,1,0,0,0,0,0,0,0,0,0,0,0
1,1,46.5,2,0,1,0,0,0,0,0,0,0,0,0,0,0,0,0,0,0,0,0,0
1,0,57.85,2,0,0,0,1,1,0,0,0,0,0,0,0,0,0,0,0,0,0,0,0
1,1,43.06,2,1,0,0,0,0,0,0,1,0,0,0,0,0,0,0,0,0,0,0,0
1,0,49.85,2,0,0,0,0,0,0,0,0,0,0,0,0,0,0,0,0,0,0,0,0
1,1,33.27,2,1,1,1,0,0,0,0,0,0,0,0,0,0,0,0,0,0,0,0,0
1,1,27.84,2,1,1,1,0,0,0,0,0,0,0,0,0,0,0,0,1,0,0,0,0
1,0,62.45,2,1,1,1,0,0,0,0,0,0,0,0,0,0,0,0,0,0,0,0,0
1,0,55.42,2,1,0,0,0,0,1,0,0,1,0,1,0,1,0,0,0,0,0,0,0
1,0,37.78,2,1,0,0,0,0,1,0,0,0,0,0,0,0,0,0,0,0,0,0,0
1,1,37.29,2,1,1,1,0,0,0,0,0,0,0,0,0,0,0,0,0,0,0,0,0
1,1,32.33,2,1,1,0,0,0,0,0,0,0,0,0,0,0,0,0,0,0,0,0,0
1,1,38.39,2,1,1,1,0,0,0,0,0,0,0,0,0,0,0,0,0,0,0,0,0
1,0,42.79,2,1,1,0,0,0,0,0,1,0,0,0,0,0,0,0,0,0,0,0,0
1,1,54.62,2,1,0,0,0,0,1,0,1,0,0,1,0,0,0,0,0,0,0,0,0
1,0,29.13,2,1,1,1,0,0,0,0,0,0,0,0,0,0,0,0,0,0,0,0,0
1,0,39.98,2,1,1,1,0,0,0,0,0,0,0,0,0,0,0,0,0,0,0,0,0
1,1,28.68,2,1,0,0,0,0,1,0,1,0,0,0,0,0,0,0,0,0,0,0,0
1,0,23.3,2,1,1,1,0,0,0,0,0,0,0,0,0,0,0,0,0,0,0,0,0
1,1,21.76,2,1,1,0,0,0,0,0,0,0,0,0,0,0,0,0,0,0,0,0,0
1,1,38.63,2,1,1,0,0,0,0,0,0,0,0,0,0,0,0,0,0,0,0,0,0
1,0,49.83,2,1,1,1,0,0,0,0,0,0,0,0,0,0,0,0,0,0,0,0,0
1,0,38.84,2,1,0,0,0,0,1,0,0,0,0,0,0,0,1,0,0,0,0,0,0
1,0,22.56,2,1,0,0,0,0,0,1,0,0,0,0,0,0,0,0,0,0,0,0,0
1,1,67.59,2,1,1,1,0,0,0,0,0,0,0,0,0,0,0,0,0,0,0,0,0
1,0,73.9,2,1,1,1,0,0,0,0,0,0,0,0,0,0,0,0,0,0,0,0,0
1,1,62.27,2,1,0,0,0,0,1,0,0,0,0,0,0,1,0,0,0,0,0,0,0
1,0,57.86,2,1,1,1,0,0,0,0,0,0,0,0,0,0,0,0,0,0,0,0,0
1,1,30.92,2,1,1,0,0,0,0,0,0,0,0,0,0,0,0,0,0,0,0,0,0
1,0,24.5,2,1,0,0,0,0,1,0,0,0,0,0,0,0,0,1,0,0,0,0,0
1,1,20.23,2,1,1,1,0,0,0,0,0,0,0,0,0,0,0,0,0,0,0,0,0
1,0,41.32,2,1,0,0,0,0,0,0,0,0,0,0,0,0,0,0,0,0,0,0,0
1,0,53.71,2,1,0,0,0,0,1,0,0,0,0,0,0,0,0,0,1,0,0,0,0
1,1,34.65,2,1,1,1,0,0,0,0,0,0,0,0,0,0,0,0,0,0,0,0,0
1,0,51.96,2,1,1,0,0,0,0,0,0,0,0,0,0,0,0,0,0,0,0,0,0
1,0,30.09,2,1,1,0,0,0,0,0,0,0,0,0,0,0,0,0,0,0,0,0,0
1,1,58.0,2,0,0,0,1,1,0,0,0,0,0,0,0,0,0,0,0,0,0,0,0
1,1,31.48,2,1,1,1,0,0,0,0,0,0,0,0,0,0,0,0,0,0,0,0,0
0,0,57.39,1,0,0,0,0,0,0,0,0,0,0,0,0,0,0,0,0,0,0,0,0
0,0,49.72,1,0,0,0,0,0,0,0,0,0,1,0,0,0,0,0,0,0,0,0,0
0,1,60.29,2,0,0,0,1,0,0,0,0,0,1,0,0,0,0,0,0,0,0,0,0
0,1,73.68,2,0,1,0,1,0,0,0,0,0,0,0,0,0,0,1,0,0,0,0,0
0,0,64.82,2,0,0,0,0,0,0,0,0,0,0,0,0,0,0,0,0,0,0,0,0
0,0,73.45,2,0,0,1,0,0,0,0,0,1,1,0,0,0,0,0,0,0,0,0,0
0,1,33.65,2,0,0,0,1,1,0,0,0,0,0,0,1,0,0,1,0,0,0,0,0
0,1,67.41,2,0,0,0,0,0,0,0,0,0,0,0,0,0,0,0,0,0,0,0,0
0,0,72.2,1,0,1,0,1,1,0,0,0,0,0,0,0,0,1,0,0,0,0,0,0
0,1,69.34,0,0,0,0,0,0,0,0,0,0,0,0,0,0,0,0,0,0,0,0,0
0,0,79.11,2,0,0,0,0,0,0,0,0,0,0,0,1,0,0,0,0,0,0,0,0
0,1,68.02,2,0,0,0,0,0,0,1,0,0,0,0,0,0,0,0,0,0,0,0,0
0,0,76.01,2,0,0,0,1,1,0,1,0,0,0,0,0,0,0,0,0,0,0,0,0
0,1,82.04,2,0,1,0,1,0,0,0,0,0,1,0,1,0,0,0,0,0,0,0,0
0,1,58.02,2,0,0,0,1,1,0,0,0,0,0,0,0,0,0,0,0,0,0,0,0
0,0,52.69,2,0,0,0,0,0,0,0,0,0,0,0,0,0,0,0,0,0,0,0,0
0,0,81.59,2,0,0,0,1,1,0,0,0,0,0,0,0,0,0,0,0,1,0,0,0
0,0,74.47,2,0,0,0,0,0,0,1,0,0,0,0,0,0,0,0,0,0,0,0,1
0,1,76.24,2,0,0,0,1,0,0,0,0,0,0,0,0,0,0,0,0,0,0,0,0
0,1,57.3,1,0,0,0,0,0,0,0,0,0,0,0,0,0,0,0,0,0,0,0,0
0,0,67.33,2,0,0,0,0,0,0,0,0,0,0,0,0,0,0,0,0,0,0,1,0
0,1,63.86,2,0,0,0,0,1,0,1,0,0,0,0,0,0,0,0,0,1,0,0,0
0,0,64.39,2,0,0,1,0,0,0,0,0,0,1,0,0,0,0,0,0,0,0,0,0
0,0,69.14,2,0,0,0,0,1,0,0,1,0,0,0,0,0,0,0,0,0,0,0,0
0,1,66.08,2,0,0,0,1,0,0,0,0,0,0,0,0,0,0,0,0,0,0,0,0
0,1,54.95,2,0,1,0,0,0,0,0,1,0,0,0,1,0,0,0,0,0,0,0,0
0,0,60.31,2,0,1,0,1,1,0,0,0,1,0,0,0,0,0,0,0,0,0,0,0
0,0,45.63,2,1,1,1,0,0,0,0,0,0,0,0,0,0,1,0,0,0,0,0,0
0,1,36.6,2,0,0,0,1,0,0,0,0,0,0,0,0,0,0,0,0,0,0,0,0
0,1,49.48,2,0,1,0,0,0,0,0,0,0,0,0,0,0,0,0,0,0,0,0,0
0,0,69.6,2,0,0,0,1,0,0,1,0,0,1,0,0,0,0,0,0,0,0,0,0
0,0,54.93,2,0,0,0,0,0,0,1,0,1,0,0,0,0,0,0,0,0,0,0,0
0,1,58.9,2,0,1,0,1,0,0,0,0,0,1,0,1,0,0,0,0,0,0,0,0
0,0,61.5,2,0,0,0,0,0,0,0,0,0,0,0,0,0,0,0,0,0,0,0,0
0,1,64.52,2,0,0,0,1,1,0,0,0,0,0,0,0,0,0,0,0,0,0,0,0
0,1,65.85,2,0,0,0,0,1,0,1,1,0,0,0,0,0,0,1,0,0,0,0,0
0,1,60.82,2,0,0,0,0,0,0,0,0,0,0,0,0,0,0,0,0,0,0,0,0
0,0,53.85,2,0,1,0,0,0,0,0,0,0,0,0,0,0,0,0,0,0,0,0,0
0,1,39.53,1,0,0,0,0,0,0,0,0,0,0,0,1,0,0,0,0,0,0,0,0
0,1,58.62,2,0,1,0,1,0,0,0,0,0,0,0,1,0,0,0,0,1,0,0,0
0,1,56.47,2,0,0,0,0,0,0,0,1,0,0,0,0,0,0,0,0,0,0,0,0
0,1,65.94,2,0,1,0,0,0,0,0,0,0,0,0,1,0,0,0,0,0,0,0,0
0,0,36.16,2,1,1,1,0,0,0,0,0,0,0,0,0,0,0,0,0,0,0,0,0
0,1,72.53,2,0,0,0,0,0,0,0,0,0,0,0,0,0,0,0,0,0,0,0,0
0,1,48.95,2,0,1,0,1,0,0,0,0,0,1,0,0,0,0,0,0,0,0,0,0
0,1,39.43,2,0,0,0,1,0,0,1,0,0,0,0,0,0,0,0,0,0,0,0,0
0,1,54.48,1,0,0,0,1,0,0,1,0,1,0,0,0,0,0,0,0,1,0,0,0
0,0,63.91,2,0,0,0,1,1,0,1,0,0,0,0,0,0,0,0,0,0,0,0,0
0,1,66.44,1,0,0,0,0,1,0,1,0,0,1,0,0,0,0,0,0,0,0,0,0
0,0,52.27,2,0,0,0,0,1,0,0,0,0,0,0,0,0,0,0,0,0,0,0,0
0,1,64.82,1,0,0,0,0,0,1,1,0,0,0,0,0,0,0,0,0,0,0,0,0
0,1,89.29,2,0,0,0,1,0,0,0,0,0,0,0,0,0,0,0,0,0,0,0,0
0,1,54.66,2,0,0,0,1,0,0,0,0,0,0,0,0,0,0,0,0,0,0,0,0
0,1,60.72,2,0,0,0,0,0,0,0,1,1,0,0,0,0,0,0,0,0,0,0,0
0,0,77.32,2,0,1,0,0,0,0,1,0,0,0,0,0,0,0,0,0,0,0,0,0
0,1,60.72,2,0,0,0,0,0,0,1,0,0,1,0,0,0,0,0,0,0,0,0,0
0,1,80.17,2,0,0,0,0,1,0,0,0,0,0,0,1,0,0,0,0,1,0,0,0
0,1,51.72,2,0,0,0,0,1,0,0,0,0,0,0,0,0,0,0,0,0,0,0,0
0,1,53.4,2,0,0,0,0,0,0,1,0,0,0,0,0,0,0,0,0,0,0,0,0
0,1,43.86,2,0,0,0,0,1,0,0,0,0,1,0,0,0,0,0,0,0,0,0,0
0,1,74.39,2,0,0,0,0,0,0,1,0,0,0,0,0,0,0,0,1,0,0,0,0
0,1,76.32,2,0,0,0,0,0,0,1,0,0,0,0,0,0,0,0,0,0,0,0,0
0,1,49.62,2,0,0,0,0,0,0,0,0,0,0,0,0,0,0,0,0,0,0,0,0
0,0,48.91,1,0,0,0,1,1,0,0,0,1,0,0,0,0,0,0,0,0,0,0,0
0,1,68.92,2,0,0,0,0,0,0,0,0,0,0,0,0,0,0,0,0,0,0,1,0
0,0,74.98,2,0,1,0,0,0,0,0,0,1,0,0,0,0,0,0,0,0,0,0,0
0,1,69.58,2,0,0,0,0,1,0,0,0,0,0,0,0,0,0,0,0,0,0,0,0
0,0,64.53,0,0,0,0,0,0,0,0,0,0,0,0,0,0,0,0,0,0,0,0,0
0,1,58.39,2,0,0,0,0,0,0,0,0,0,0,0,0,0,0,0,0,0,0,0,0
0,0,47.24,2,0,1,0,0,0,0,0,0,0,0,0,0,0,0,0,0,0,0,0,0
0,1,61.77,2,0,0,0,0,1,0,0,0,0,0,0,0,0,0,0,0,0,0,0,1
0,1,75.53,2,0,1,0,0,0,0,0,0,0,0,0,0,0,0,0,0,0,0,0,0
0,1,52.67,2,0,1,0,1,0,0,0,0,0,0,0,0,0,0,0,0,0,0,0,0
0,1,47.55,1,0,0,0,1,0,0,0,0,0,0,0,0,0,0,0,0,0,0,0,0
0,0,21.79,1,0,1,1,0,0,0,0,0,0,0,0,0,0,0,0,0,0,0,0,0
0,1,72.46,2,0,0,0,0,0,0,0,0,1,0,0,0,0,0,0,0,0,0,1,0
0,0,68.3,2,0,0,0,0,0,0,0,0,0,0,0,0,0,0,0,0,0,0,0,0
0,1,67.0,2,0,1,0,0,0,0,0,0,0,0,0,0,0,0,0,0,0,0,0,0
0,0,52.65,2,0,0,0,1,0,0,0,0,0,0,0,0,0,0,0,0,0,0,0,0
0,1,59.03,2,0,1,0,0,0,0,0,0,1,0,0,0,0,0,0,0,0,0,0,0
0,0,59.41,1,0,1,0,0,0,0,1,1,0,0,0,0,0,0,0,0,0,0,0,0
0,1,48.99,2,0,1,1,1,0,0,0,0,0,0,0,0,0,0,0,0,1,1,0,0
0,1,76.16,2,0,0,0,1,1,0,0,0,0,0,0,0,0,0,0,0,0,0,0,0
0,1,72.53,2,0,0,0,0,1,0,1,0,0,0,0,0,0,0,0,0,1,0,0,0
0,1,51.31,2,0,0,0,1,0,0,0,0,0,0,0,0,0,0,0,0,0,0,0,0
0,1,67.51,2,0,0,0,0,0,0,1,0,0,0,0,0,0,0,0,0,0,0,0,0
0,0,82.32,2,0,0,0,0,0,0,0,0,0,0,0,0,0,0,0,0,0,0,0,0
0,0,64.57,2,0,0,0,0,0,0,0,0,0,0,0,0,0,0,0,0,0,0,0,0
0,1,75.73,2,0,1,0,0,0,0,0,0,0,0,0,1,0,0,0,0,0,0,0,0
0,0,85.61,2,0,0,0,0,0,0,0,1,0,0,0,0,0,0,0,0,1,0,0,0
0,1,73.29,2,0,1,0,1,0,0,0,0,0,0,0,0,0,0,0,0,0,0,0,0
0,0,78.75,2,0,0,0,1,0,0,0,0,1,0,0,0,0,0,0,0,0,0,0,0
0,0,45.37,2,1,1,1,0,0,0,0,1,0,0,0,0,0,0,0,0,0,0,0,0
0,0,42.62,2,0,1,0,0,1,0,0,0,0,0,0,1,0,0,0,0,0,0,0,0
0,1,53.82,2,0,0,0,0,1,0,0,0,0,0,0,0,0,0,0,0,0,0,0,0
0,1,68.79,2,0,0,0,0,0,0,1,0,0,0,0,0,0,0,0,0,0,0,0,0
0,1,43.67,2,1,1,0,0,0,0,0,0,0,0,0,0,0,0,0,0,0,0,0,0
0,1,59.79,2,0,0,0,0,0,0,0,0,0,0,0,0,0,0,0,0,0,0,0,0
0,1,52.38,2,0,0,0,0,0,0,0,0,0,0,0,0,0,0,0,0,1,0,0,0
0,0,61.67,2,0,0,0,1,0,0,1,0,0,0,0,0,0,0,0,0,0,0,0,0
0,0,40.57,2,0,0,0,1,0,0,0,0,0,0,0,0,0,0,0,0,0,0,0,0
0,0,63.72,2,0,0,0,0,1,0,0,0,0,0,0,0,0,0,1,0,0,0,0,0
0,1,63.84,2,0,1,0,1,0,0,0,0,1,0,0,0,0,0,0,0,0,0,0,0
0,1,70.27,2,0,0,0,0,1,0,0,0,0,0,0,0,0,0,0,0,0,0,0,0
0,1,59.99,2,0,0,0,1,0,0,0,0,0,0,0,0,0,0,0,0,0,0,0,0
0,1,56.28,2,0,0,0,1,0,0,1,0,0,0,0,0,0,0,0,0,0,0,0,0
0,1,62.52,2,0,1,0,1,0,0,0,0,1,0,0,0,0,0,0,0,0,0,0,0
0,1,24.23,2,0,1,1,0,0,0,0,0,0,0,0,0,0,0,0,0,0,0,0,0
0,0,72.95,2,0,1,0,0,1,0,0,0,0,0,0,0,0,0,1,0,0,0,0,0
0,1,67.44,2,0,1,0,0,0,0,0,0,0,1,0,0,0,0,0,0,0,0,0,0
0,1,54.55,2,0,0,0,0,0,0,0,0,0,0,0,0,0,0,0,0,0,0,0,0
0,1,86.42,2,0,0,0,0,0,0,0,0,0,0,0,1,0,1,0,0,0,0,0,0
0,1,62.61,2,0,0,0,0,1,0,0,0,0,0,0,0,0,0,0,0,0,0,0,0
0,0,63.27,2,0,0,0,1,0,0,0,0,1,0,0,0,0,0,0,0,0,0,0,0
0,0,58.55,2,0,0,0,0,0,0,0,0,0,0,0,0,0,0,0,0,0,0,0,0
0,1,60.01,2,0,1,0,0,1,0,0,0,0,0,0,1,0,0,0,0,0,0,0,0
0,1,67.05,2,0,0,0,0,0,0,0,0,0,0,0,0,0,0,1,0,0,0,0,0
0,1,23.85,2,1,1,1,0,1,0,0,0,0,1,0,0,0,0,0,0,0,0,0,0
0,1,58.16,2,0,0,0,1,0,0,0,0,1,0,0,0,0,0,0,0,1,0,0,0
0,1,64.05,2,0,0,0,0,0,0,0,0,0,0,0,0,0,0,1,0,0,0,0,0
0,1,65.1,2,0,0,0,1,0,0,0,0,0,0,0,0,0,0,0,0,0,0,0,0
0,0,61.09,2,0,1,0,1,0,0,1,0,0,0,0,0,0,0,0,0,0,0,0,0
0,1,52.44,2,0,0,0,0,1,0,0,1,0,0,0,0,0,0,0,0,0,0,0,0
0,1,77.38,2,0,0,0,0,0,0,0,0,0,0,0,0,0,0,0,0,0,0,0,0
0,1,58.77,2,0,0,0,0,0,0,1,1,0,0,0,0,0,0,0,0,0,0,0,0
0,0,78.72,2,0,1,1,0,0,0,1,0,1,1,0,0,0,0,0,0,0,0,0,0
0,1,63.33,2,0,1,0,1,0,0,0,0,0,0,0,1,0,1,0,0,0,0,0,0
0,1,63.24,2,0,0,0,0,0,0,0,0,0,0,0,0,0,0,0,0,0,0,0,0
0,0,23.36,2,0,1,1,0,1,1,1,1,1,1,1,1,0,1,1,1,1,1,1,1
0,1,65.26,2,0,1,0,0,0,0,0,0,0,0,0,1,0,0,0,0,0,0,0,0
0,1,50.22,2,0,1,0,0,1,0,0,0,0,1,0,0,0,0,0,0,0,0,0,0
0,1,55.57,2,0,1,0,0,0,0,0,0,0,0,0,0,0,0,0,0,0,0,0,0
0,1,60.71,2,0,1,0,1,0,0,0,1,0,0,0,1,0,0,0,0,0,0,0,0
0,0,62.6,2,0,1,0,1,0,0,0,0,0,0,0,0,0,0,0,0,0,0,0,0
0,1,69.26,2,0,0,1,0,0,0,0,0,0,1,0,0,0,0,0,0,0,0,0,0
0,1,56.51,2,0,0,0,0,0,0,0,0,0,0,0,0,0,0,0,0,0,0,0,0
0,0,76.2,2,0,1,0,0,0,0,0,0,0,1,0,0,0,0,0,0,0,0,0,1
0,1,76.69,2,0,1,0,1,0,0,0,0,0,0,0,0,0,0,0,0,0,0,0,0
0,1,86.02,2,0,1,0,0,1,0,0,0,0,0,0,1,0,0,0,0,0,0,0,0
0,0,69.22,2,0,0,0,0,1,0,0,0,0,0,0,0,0,0,0,0,0,0,0,0
0,1,59.6,2,0,0,0,0,0,0,0,1,0,0,0,0,0,0,0,0,0,0,0,0
0,0,75.92,2,0,1,0,1,0,0,0,0,0,0,0,0,0,1,0,0,0,0,0,0
0,1,57.55,2,0,0,0,1,0,0,0,0,0,0,0,0,0,0,0,0,0,0,0,0
0,1,69.7,2,0,0,0,0,0,0,0,0,1,0,0,0,0,0,0,0,0,0,0,0
0,0,45.62,2,0,1,1,1,0,0,1,0,0,0,0,1,0,0,0,0,0,0,0,0
0,1,47.36,2,0,0,0,0,0,0,0,0,0,0,0,0,0,0,0,0,0,0,0,0
0,1,74.16,2,0,0,0,0,0,0,0,0,0,1,0,0,0,0,0,0,0,0,0,0
0,1,60.01,2,0,0,0,0,1,0,0,0,0,0,0,0,0,0,0,0,0,0,0,0
0,1,78.25,2,0,1,0,1,0,0,0,0,0,0,0,0,0,0,0,0,0,0,0,0
0,1,59.18,2,0,1,0,0,1,0,0,0,0,0,0,1,0,0,0,0,0,0,0,0
0,0,21.73,2,1,1,1,0,0,0,0,1,0,0,0,0,0,0,0,0,0,0,0,0
0,1,81.09,2,0,0,0,0,0,0,0,1,0,0,0,0,0,0,0,0,0,0,0,0
0,1,70.16,2,0,1,0,0,0,0,1,0,0,0,0,0,0,0,0,0,0,0,0,1
0,0,62.42,2,0,1,0,1,0,0,0,0,0,0,0,1,0,0,0,0,0,0,1,0
0,0,75.52,2,0,0,0,1,0,0,0,0,0,0,0,0,0,0,0,0,0,0,0,0
0,1,60.37,2,1,1,1,0,0,0,0,0,0,0,0,0,0,0,0,0,0,0,0,0
0,0,63.15,2,0,1,0,0,0,0,1,0,0,0,0,0,0,1,0,0,0,0,0,1
0,1,61.14,2,0,1,0,1,0,0,1,0,0,0,0,1,0,0,0,0,0,0,0,0
0,0,47.19,2,0,0,0,1,0,0,0,0,0,0,0,1,0,0,0,0,0,0,0,0
0,0,76.41,2,0,1,0,0,0,0,0,0,0,0,0,0,0,0,0,0,0,0,0,0
0,0,84.79,2,0,0,0,0,0,0,0,0,0,0,0,0,0,0,0,0,0,0,0,0
0,1,77.42,2,0,0,0,0,0,0,0,1,0,0,0,0,0,0,0,0,0,0,1,0
0,0,48.5,2,0,0,0,1,0,0,0,0,0,0,1,0,0,0,0,0,1,0,0,0
0,0,69.61,2,0,1,0,0,0,0,0,0,0,0,0,0,0,0,0,0,0,0,0,0
0,1,56.03,2,0,0,0,0,0,0,0,0,0,1,0,0,0,0,0,0,0,0,0,0
0,0,76.47,2,0,1,0,1,1,0,1,0,0,0,0,1,0,0,0,0,0,0,0,0
0,1,70.32,2,0,1,0,0,0,0,0,0,0,0,0,0,0,0,0,0,1,0,0,0
0,1,34.73,2,1,1,1,0,0,1,0,0,0,0,0,0,0,0,0,0,0,0,0,0
0,1,68.93,1,0,0,0,1,1,0,0,0,0,0,0,0,0,0,0,0,0,0,0,0
0,1,54.59,2,1,1,1,0,1,0,0,0,0,0,0,0,0,0,0,0,0,0,0,0
0,1,74.86,2,0,0,0,1,0,0,0,0,1,1,0,0,0,0,0,0,0,0,0,0
0,1,73.53,2,0,0,0,0,1,0,0,0,0,0,0,0,0,0,0,0,0,0,0,0
0,1,57.31,2,0,0,0,0,0,0,0,0,0,1,0,0,0,0,0,0,0,0,0,0
0,1,44.63,2,0,0,0,0,1,0,1,0,0,0,0,0,0,0,0,0,1,0,0,0
0,1,83.73,2,0,1,0,1,0,0,0,0,0,0,0,0,0,1,0,0,0,0,0,1
0,1,74.8,2,0,0,0,0,0,0,0,0,0,0,0,0,0,0,0,0,0,0,0,0
0,1,51.75,2,0,0,0,1,0,0,0,1,0,0,0,0,0,1,0,0,0,0,0,0
0,1,52.16,2,0,0,0,0,0,0,0,0,1,0,0,0,0,0,0,0,1,0,0,0
0,1,73.28,2,0,0,0,1,1,0,0,0,0,0,0,0,0,0,0,0,0,0,0,0
0,1,81.84,2,0,0,0,1,0,0,0,0,0,0,0,0,0,0,0,0,0,0,0,0
0,0,78.26,2,0,0,0,0,0,0,0,0,0,0,0,0,0,0,0,0,0,0,0,0
0,1,57.85,2,0,1,0,0,0,0,0,0,0,0,0,0,0,0,0,0,0,0,0,0
0,0,53.4,2,0,0,0,1,1,0,0,0,0,0,0,0,0,0,0,0,0,0,0,0
0,0,50.9,2,0,0,0,0,1,0,0,0,0,0,0,0,0,0,0,0,0,0,0,0
0,0,78.15,1,0,0,0,0,0,0,0,0,0,0,0,0,0,0,0,0,0,0,0,1
0,0,76.65,2,0,0,0,0,0,0,0,0,0,1,0,0,0,0,0,0,0,0,1,0
0,1,57.32,2,0,0,0,1,1,0,0,0,0,0,0,0,0,0,0,0,1,0,0,0
0,1,36.3,2,0,1,0,1,0,0,0,0,0,0,0,0,0,0,0,0,0,0,0,0
0,0,72.78,1,0,0,0,0,0,0,0,1,0,0,0,0,0,0,0,0,0,0,0,0
0,1,31.03,2,1,1,1,0,0,0,0,0,0,0,0,0,0,0,0,0,0,0,0,0
0,1,65.18,2,0,0,0,1,0,0,0,0,1,0,0,0,0,0,0,0,0,0,0,0
0,1,63.55,2,0,0,0,0,0,0,0,0,0,0,0,0,0,0,0,0,0,0,0,0
0,0,49.96,2,1,1,0,0,0,0,0,0,0,0,0,0,0,0,0,0,0,0,0,0
0,0,59.85,2,0,0,0,1,0,0,0,0,0,0,0,0,0,0,0,0,0,0,0,0
0,1,69.64,2,0,1,0,1,1,0,0,0,0,0,0,0,0,0,1,0,0,0,0,0
0,1,62.83,2,0,0,0,0,0,0,0,1,0,0,0,0,0,0,0,0,0,0,0,0
0,0,52.74,2,0,0,0,0,0,0,0,0,0,0,0,0,0,0,0,0,0,0,0,0
0,1,56.81,2,0,0,0,1,0,0,0,0,0,0,0,0,0,0,0,0,0,0,0,0
0,1,81.46,2,0,0,0,0,0,0,0,0,1,1,0,0,0,0,0,0,0,0,0,0
0,1,40.8,2,0,0,0,0,0,0,0,0,0,0,0,0,0,0,0,0,0,0,0,0
0,0,81.87,2,0,0,0,0,0,0,1,0,0,0,0,0,0,0,0,0,0,0,0,0
0,0,50.47,2,0,0,0,0,0,0,0,0,0,0,0,0,0,0,0,0,0,0,0,0
0,0,38.02,2,0,0,0,0,0,0,0,0,0,0,0,0,0,0,0,0,0,0,0,0
0,1,48.5,2,0,1,0,1,0,0,0,0,0,0,0,0,0,0,0,0,0,0,0,0
0,1,51.24,1,0,0,0,0,0,0,0,0,0,1,0,0,0,0,0,0,0,0,0,0
0,1,66.93,2,0,0,0,0,1,0,1,0,0,0,0,0,0,0,0,0,0,0,0,1
0,1,71.86,1,0,1,0,1,0,0,0,0,0,0,0,0,0,0,0,0,0,0,0,0
0,0,24.43,1,0,1,0,0,0,0,0,0,1,0,0,0,0,0,0,0,0,0,0,0
0,0,63.53,2,0,0,0,1,0,0,0,0,0,0,0,0,0,0,0,0,0,0,0,0
0,1,69.32,2,0,0,0,1,0,0,0,0,0,0,0,0,0,0,0,0,0,0,0,0
0,0,78.02,2,0,1,0,0,0,0,0,1,0,0,0,0,0,0,0,0,0,0,0,0
0,1,30.42,2,0,0,0,1,0,0,0,0,0,0,0,0,0,0,0,0,0,0,0,0
0,0,52.79,2,1,1,0,0,0,0,0,0,0,0,0,0,0,0,0,0,0,0,1,0
0,1,65.16,2,0,0,0,1,0,0,0,0,0,1,0,0,0,0,0,0,0,0,0,0
0,1,78.74,2,0,0,0,0,0,0,0,0,0,1,0,0,0,0,0,0,0,0,0,0
0,1,61.1,1,0,1,0,1,0,0,1,0,0,0,0,0,0,0,0,0,0,0,0,0
0,1,50.47,2,0,0,0,0,0,0,0,0,0,0,0,0,0,0,0,0,0,0,0,0
0,1,39.16,2,1,1,1,0,0,0,0,0,0,0,0,0,0,0,0,0,0,0,0,0
0,1,55.13,2,0,1,0,1,1,0,0,0,0,0,0,0,0,0,1,0,0,0,0,0
0,1,66.22,2,0,0,0,0,0,0,1,0,1,0,0,0,0,0,0,0,0,0,0,1
0,1,49.02,1,0,0,0,1,0,0,0,0,0,0,0,0,0,0,0,0,0,0,0,0
0,0,54.21,1,0,0,1,1,1,0,0,0,0,0,0,0,0,0,0,0,0,0,0,0
0,1,58.13,2,0,0,0,0,1,0,0,0,0,0,0,0,0,0,0,0,0,0,0,0
0,0,73.01,2,0,0,0,0,0,0,0,0,1,0,0,0,0,0,0,0,0,0,0,0
0,0,53.83,2,0,0,0,0,0,0,0,0,0,0,0,0,0,0,0,0,0,0,0,0
0,1,63.8,2,0,0,0,0,1,0,0,0,0,0,0,0,0,0,0,0,0,0,0,0
0,0,66.52,2,0,0,0,1,0,0,0,0,0,0,0,0,0,0,0,0,0,0,0,0
0,1,49.88,1,0,0,0,1,0,0,0,0,0,0,0,0,0,0,0,0,0,0,0,0
0,1,59.92,2,0,0,0,0,0,0,1,0,0,0,0,0,0,0,0,0,0,0,0,0
0,1,54.9,2,0,0,0,0,1,0,0,0,1,0,0,0,0,0,0,0,0,0,0,0
0,1,57.75,2,0,0,0,0,0,0,0,0,0,0,0,0,0,0,0,0,0,0,0,0
0,0,59.43,2,0,1,0,1,1,0,0,1,0,0,0,0,0,0,0,0,0,0,0,0
0,0,44.15,2,0,0,0,0,0,0,0,0,1,0,0,1,0,0,0,0,0,0,0,0
0,0,58.04,2,0,0,0,0,0,0,0,0,0,0,0,0,0,0,0,0,0,0,0,0
0,1,65.05,2,0,1,0,0,1,0,0,0,0,0,0,0,0,0,1,0,0,0,0,0
0,1,67.09,2,0,0,0,0,0,0,0,1,0,0,0,0,0,0,0,0,0,0,0,0
0,0,75.47,1,0,0,0,0,0,0,0,0,0,0,0,0,0,0,0,0,0,0,1,0
0,1,88.57,2,0,0,0,0,0,0,0,0,1,0,0,0,0,0,0,0,0,0,0,0
0,0,38.56,1,0,1,0,0,0,0,0,0,0,0,0,0,0,0,0,0,0,0,0,0
0,0,53.23,1,0,0,0,0,1,0,0,0,0,0,0,0,0,0,0,0,0,0,0,0
0,0,75.35,2,0,0,0,0,0,0,0,0,0,0,0,0,0,0,0,0,0,0,0,0
0,1,66.74,2,0,1,0,1,0,0,0,0,1,0,0,0,0,0,0,0,1,0,0,0
0,1,51.14,2,0,0,0,0,0,0,0,0,0,0,0,0,0,0,0,0,0,0,0,0
0,1,40.99,1,1,1,1,1,0,0,0,0,0,0,0,0,0,0,0,0,0,0,0,0
0,0,58.02,2,0,0,0,0,0,0,1,0,0,0,0,0,0,0,0,0,0,0,0,0
0,1,57.08,2,0,1,0,1,0,0,0,0,0,0,0,0,0,0,0,0,0,0,0,0
0,0,55.39,2,0,0,0,0,0,0,0,0,0,0,0,0,0,0,0,0,0,0,0,0
0,1,40.73,2,0,0,0,0,0,0,0,0,0,0,0,0,0,0,0,0,0,0,0,0
0,1,40.56,1,1,1,1,0,0,0,0,0,0,0,0,0,0,0,0,0,0,0,0,0
0,1,54.24,2,0,1,0,0,0,0,0,0,0,0,0,1,0,0,0,0,0,0,0,0
0,1,53.37,1,0,1,0,0,1,0,1,1,0,0,0,0,0,0,0,0,0,0,0,0
0,0,56.02,2,0,0,0,0,0,0,0,0,0,0,0,0,0,0,0,0,0,0,0,0
0,0,59.84,2,0,0,0,0,0,0,0,0,0,0,0,0,0,0,0,0,0,0,0,0
0,0,75.32,2,0,1,0,1,0,0,0,0,0,0,0,0,0,1,0,0,0,0,0,0
0,1,59.03,0,0,0,0,1,1,0,0,0,0,0,0,0,0,0,0,0,0,0,0,0
0,0,44.37,2,0,0,1,0,0,0,0,1,0,0,0,0,0,0,0,0,0,0,0,0
0,1,46.65,2,0,1,0,0,0,0,0,0,0,0,0,0,0,0,0,0,0,0,0,0
0,1,68.68,2,0,0,0,0,1,0,0,0,0,0,0,0,0,0,0,0,0,0,0,0
0,0,30.93,1,1,1,1,0,0,0,0,0,0,0,0,0,0,0,0,0,0,0,0,0
0,0,64.82,2,0,0,0,0,1,0,0,0,0,1,0,0,0,0,0,0,1,0,0,0
0,0,36.83,2,0,0,0,0,1,0,0,0,0,0,0,0,0,0,0,0,0,0,0,0
0,1,78.74,2,0,0,0,0,0,0,0,1,0,0,0,0,0,0,0,0,0,0,0,0
0,1,83.64,2,0,0,0,1,0,0,1,0,0,1,0,0,0,0,0,0,0,0,0,0
0,1,51.55,2,0,0,0,0,1,0,0,0,0,0,0,0,0,0,0,0,0,0,0,0
0,0,63.32,2,0,0,0,1,1,0,1,0,0,0,0,0,0,0,0,0,0,0,0,0
0,0,59.62,2,0,0,0,1,0,0,0,0,0,0,0,0,0,0,0,0,0,0,0,0
0,0,72.53,2,0,0,0,0,0,0,0,0,0,0,0,0,0,0,0,0,0,0,0,1
0,0,53.64,2,0,1,0,0,0,0,0,0,1,0,0,1,0,0,0,0,1,0,0,0
0,1,74.23,2,0,0,0,0,0,0,0,0,0,0,0,0,0,0,0,0,0,0,0,1
0,0,60.67,2,0,0,0,0,0,0,1,0,0,0,0,0,0,0,0,0,0,0,0,0
0,1,54.81,2,0,0,0,0,1,0,0,0,0,0,0,0,0,0,0,0,0,0,0,0
0,1,63.02,2,0,1,0,0,1,0,0,0,0,0,0,0,0,0,0,0,0,0,0,0
0,1,58.84,2,0,0,0,0,0,0,0,0,0,0,0,0,0,0,0,0,0,0,0,0
0,1,60.75,2,0,0,0,0,1,0,1,0,0,0,0,0,0,0,0,0,0,0,0,0
0,1,71.7,2,0,0,0,0,1,0,0,1,0,0,0,0,0,0,0,0,0,0,0,0
0,1,75.21,1,0,0,0,0,1,0,1,0,0,0,0,0,0,0,0,0,0,0,0,0
0,1,50.85,1,0,0,1,1,1,0,1,0,0,0,0,0,0,0,0,0,0,0,0,0
0,1,67.02,2,0,0,0,0,0,0,0,1,0,0,0,0,0,0,0,0,0,0,0,0
0,1,60.98,2,0,0,0,0,0,0,1,0,0,0,0,0,0,0,0,0,0,0,0,0
0,0,65.39,2,0,0,0,1,0,0,0,0,0,1,0,0,0,0,0,0,0,0,0,0
0,1,51.25,2,0,1,0,0,0,0,0,0,0,0,0,0,0,0,0,0,0,0,0,0
0,1,45.82,0,0,0,0,0,0,0,0,0,0,0,0,0,0,0,0,0,0,0,0,0
0,0,39.87,2,0,0,0,1,0,0,0,0,0,0,0,0,0,0,0,0,0,0,0,0
0,0,70.67,2,0,0,0,1,1,0,0,0,0,0,0,0,0,0,0,0,0,0,0,0
0,0,73.36,1,0,0,0,0,0,0,0,0,0,0,0,0,0,0,0,0,0,0,0,0
0,0,65.99,2,0,1,1,0,0,0,0,0,0,0,0,0,0,0,0,0,0,0,0,0
0,0,53.64,2,0,1,1,1,1,1,1,0,1,1,0,1,0,0,1,0,1,0,1,1
0,0,72.69,2,0,0,0,0,0,0,1,0,0,0,0,0,0,0,0,0,0,0,0,0
0,1,61.48,2,0,0,0,0,1,0,1,0,0,0,0,0,0,0,1,1,0,0,0,0
0,1,65.06,2,0,0,0,0,0,0,0,0,0,0,0,0,0,0,0,0,0,0,0,0
0,1,30.9,0,1,1,1,0,0,0,0,0,0,1,0,0,0,0,0,0,0,0,0,0
0,1,64.14,2,0,0,0,0,1,0,0,0,0,1,0,0,0,0,0,0,0,0,0,0
0,1,55.73,2,0,0,0,0,0,0,0,0,0,0,0,0,0,0,0,0,0,0,1,0
0,0,79.34,2,0,0,0,1,0,0,1,0,0,0,0,0,0,0,1,0,0,0,0,0
0,1,74.81,2,0,0,0,1,0,0,0,0,0,0,0,0,0,0,0,0,0,0,0,0
0,1,63.07,2,0,0,0,0,0,0,1,0,0,0,0,0,0,0,0,0,0,0,0,0
0,0,81.06,2,0,0,0,0,0,0,0,0,1,0,0,0,0,0,0,0,0,0,0,0
0,0,53.24,2,0,1,0,0,0,0,0,0,0,0,0,0,0,0,0,0,0,0,0,0
0,1,69.94,1,0,0,0,0,0,0,0,0,1,0,0,0,0,0,0,0,0,0,0,0
0,1,60.94,2,1,0,1,0,0,0,0,0,0,1,0,0,0,0,0,0,0,0,0,0
0,1,55.59,1,0,0,0,0,1,0,0,1,0,0,0,0,0,0,0,0,0,0,0,0
0,0,75.94,2,0,1,0,0,1,0,0,0,0,0,0,0,0,0,0,0,0,0,0,0
0,1,47.96,2,0,0,0,0,1,0,1,0,0,0,0,0,0,0,0,0,0,0,0,0
0,0,71.19,2,0,1,0,1,0,0,0,0,0,0,0,1,0,0,0,0,0,0,0,0
0,1,71.41,2,0,1,0,1,0,0,0,0,0,0,0,0,0,0,0,0,0,0,0,0
0,1,25.22,2,1,1,1,0,0,0,0,0,0,0,0,0,0,0,0,0,0,0,0,0
0,1,61.68,2,0,0,0,0,0,0,0,0,0,0,0,0,0,0,0,0,0,0,0,0
0,0,47.83,2,0,1,0,1,0,0,0,0,0,0,0,1,0,0,0,0,0,0,0,0
0,0,50.35,2,0,0,0,0,0,0,0,0,0,0,0,0,0,1,0,0,0,0,0,0
0,0,72.27,2,0,0,0,0,0,0,0,0,1,0,0,0,0,0,0,0,0,0,0,0
0,1,31.02,2,1,1,1,0,0,0,0,0,0,0,0,0,0,0,0,0,0,0,0,1
0,1,86.59,2,0,0,0,0,0,0,1,0,0,0,0,0,0,0,0,0,0,0,0,0
0,0,38.59,2,1,1,0,0,0,0,0,0,0,0,0,0,0,0,0,0,0,0,0,0
0,0,72.83,2,0,1,0,0,0,0,0,1,1,0,0,0,0,0,0,0,0,0,0,0
0,0,55.13,2,0,0,1,1,0,0,0,0,0,0,0,1,0,0,0,0,0,0,0,0
0,0,66.88,2,0,0,0,0,0,0,0,0,0,0,0,1,0,0,0,0,0,0,0,0
0,0,55.99,2,0,0,0,0,0,0,0,0,0,0,0,0,0,0,0,0,0,0,0,0
0,1,65.94,2,0,0,0,0,0,0,0,1,0,0,0,0,0,0,0,0,0,0,0,0
0,0,72.16,2,0,0,0,0,0,0,1,1,0,0,0,0,0,0,0,0,0,0,0,0
0,0,33.02,2,0,1,0,0,0,0,0,0,0,0,0,0,0,0,0,0,0,0,0,0
0,1,83.31,2,0,0,1,1,1,0,0,0,0,0,0,0,0,0,0,0,0,0,0,0
0,1,43.71,0,1,1,1,0,0,0,0,0,0,0,0,0,0,0,0,0,0,0,0,0
0,1,68.61,2,0,0,0,0,0,0,0,0,1,0,0,0,0,0,0,0,0,0,0,0
0,0,47.73,2,0,0,0,1,0,0,0,0,1,0,0,0,0,0,0,0,0,0,0,0
0,1,79.5,1,0,0,0,0,0,0,0,1,0,0,0,0,0,0,0,0,0,0,0,0
0,1,67.89,2,0,0,0,0,0,0,0,0,0,0,0,0,0,0,0,0,0,0,0,1
0,0,49.82,2,0,0,0,1,1,0,0,0,0,0,0,0,0,0,0,0,0,0,0,0
0,0,66.7,2,0,0,0,1,1,0,0,0,0,0,0,0,0,0,0,0,0,0,0,0
0,1,68.61,1,0,0,0,0,0,0,0,0,0,0,0,0,0,0,0,0,0,0,0,0
0,0,47.14,1,0,0,0,0,0,0,0,1,0,0,0,0,0,0,0,0,0,0,0,0
0,1,61.6,2,0,0,0,1,1,0,0,0,0,0,0,0,0,0,0,0,0,0,0,0
0,0,49.43,2,0,1,0,1,0,0,1,0,0,0,0,0,0,0,0,0,0,0,0,0
0,1,67.33,2,0,0,0,1,0,0,0,0,1,0,0,0,0,0,0,0,0,0,0,0
0,0,32.73,2,0,0,0,0,0,0,0,0,0,0,0,0,0,0,0,0,0,0,0,0
0,0,65.11,2,0,0,0,0,1,0,0,0,0,1,0,0,0,0,0,0,0,0,1,0
0,0,66.58,2,0,1,0,1,0,0,0,0,0,0,0,0,0,0,0,0,0,0,0,0
0,1,62.77,2,0,0,0,0,0,0,0,0,0,0,0,0,0,0,0,0,0,0,0,0
0,1,50.04,2,0,0,0,1,1,0,0,0,0,0,0,0,0,0,0,0,0,0,0,0
0,0,34.3,2,0,0,0,0,0,0,0,0,0,0,0,0,0,0,0,0,0,0,0,0
0,0,61.03,2,0,0,0,0,0,0,0,0,0,0,0,0,0,0,0,0,0,0,0,0
0,1,77.97,2,0,0,0,0,0,0,0,0,0,0,0,0,0,0,0,0,0,0,0,0
0,1,54.28,2,0,0,0,0,0,0,0,0,0,0,0,0,0,0,0,0,0,0,0,1
0,1,51.09,2,0,0,0,0,0,0,0,0,0,0,0,0,0,0,0,0,0,0,0,0
0,1,53.02,2,0,1,0,1,0,0,0,0,0,0,0,0,0,0,0,0,0,0,0,0
0,1,78.69,2,0,1,0,0,0,0,0,0,0,0,0,1,0,0,0,0,0,0,0,0
0,1,46.92,2,0,0,0,0,0,0,1,0,0,0,0,0,0,0,0,0,0,0,0,0
0,1,52.67,2,0,0,0,1,1,0,0,0,0,0,0,0,0,0,0,0,0,0,0,0
0,0,48.68,2,0,1,1,1,0,0,0,1,1,0,0,1,0,1,1,1,0,0,0,0
0,1,51.56,2,0,0,0,1,0,0,0,0,0,0,0,0,0,0,0,0,0,0,0,0
0,0,62.11,2,0,1,0,0,0,0,0,0,0,0,0,0,0,0,0,0,0,0,0,0
0,1,58.05,2,0,0,0,1,0,0,0,0,1,0,0,0,0,0,0,0,0,0,0,0
0,1,61.31,2,0,0,0,0,0,0,0,0,1,0,0,0,0,0,0,0,0,0,0,0
0,1,66.3,2,1,1,0,0,0,0,0,0,0,0,0,0,0,0,0,0,0,0,0,0
0,1,64.12,2,0,0,0,1,0,0,0,0,0,0,0,0,0,0,0,0,0,0,0,0
0,1,56.31,2,0,0,0,0,0,0,0,0,0,0,0,0,0,0,0,0,0,0,0,0
0,0,77.89,2,0,0,0,1,0,0,0,0,0,0,0,0,0,0,0,0,0,0,0,0
0,1,85.18,2,0,1,0,1,0,0,0,0,0,0,0,0,0,0,0,0,0,0,0,0
0,0,77.49,2,0,1,0,1,0,0,0,0,0,0,0,0,0,0,0,0,0,0,0,0
0,1,63.33,2,0,1,0,0,0,0,1,1,0,0,0,1,0,0,0,0,0,0,0,0
0,1,76.61,1,0,0,0,0,0,0,0,0,0,0,0,0,0,0,0,0,0,0,0,0
